{"loss": [13.543417930603027, 12.227720260620117, 12.183639526367188, 12.1783447265625, 12.18167781829834, 12.180328369140625, 12.198773384094238, 12.190400123596191, 12.191121101379395, 12.188292503356934, 12.181490898132324, 12.181824684143066, 12.18043327331543, 12.179905891418457, 12.176236152648926, 12.165462493896484, 12.159693717956543, 12.159826278686523, 12.157559394836426, 12.156682968139648, 12.156291961669922, 12.157442092895508, 12.149308204650879, 12.147250175476074, 12.14737606048584, 12.147660255432129, 12.14330005645752, 12.143518447875977, 12.14254379272461, 12.142126083374023, 12.142472267150879, 12.14245319366455, 12.139056205749512, 12.137467384338379, 12.137229919433594, 12.137527465820312, 12.137399673461914, 12.137824058532715, 12.138257026672363, 12.138276100158691, 12.136190414428711, 12.135156631469727, 12.135433197021484, 12.135193824768066, 12.1353178024292, 12.13442611694336, 12.132803916931152, 12.133186340332031, 12.132902145385742, 12.132760047912598, 12.131799697875977, 12.131183624267578, 12.131280899047852, 12.131197929382324, 12.130337715148926, 12.129678726196289], "mse": [0.006612997502088547, 0.005970566533505917, 0.005949042737483978, 0.005946457386016846, 0.005948083940893412, 0.005947425961494446, 0.005956432316452265, 0.005952343810349703, 0.0059526958502829075, 0.005951314233243465, 0.005947993602603674, 0.005948156584054232, 0.00594747718423605, 0.0059472196735441685, 0.005945427808910608, 0.005940167233347893, 0.005937350448220968, 0.005937415175139904, 0.0059363082982599735, 0.00593587988987565, 0.0059356894344091415, 0.005936251487582922, 0.005932279396802187, 0.005931274499744177, 0.0059313359670341015, 0.005931474734097719, 0.005929345265030861, 0.005929452832788229, 0.005928976461291313, 0.005928772035986185, 0.005928942002356052, 0.005928932223469019, 0.005927273537963629, 0.005926497746258974, 0.0059263817965984344, 0.0059265270829200745, 0.005926464684307575, 0.005926671903580427, 0.005926883313804865, 0.005926892627030611, 0.005925874225795269, 0.005925369448959827, 0.005925504490733147, 0.005925387144088745, 0.005925448145717382, 0.005925013683736324, 0.005924220662564039, 0.00592440739274025, 0.005924268625676632, 0.005924198776483536, 0.005923730321228504, 0.005923429504036903, 0.005923477001488209, 0.005923436488956213, 0.005923016928136349, 0.005922694690525532], "val_loss": [12.28577995300293, 12.150651931762695, 12.151979446411133, 12.151174545288086, 12.152512550354004, 12.16972827911377, 12.155511856079102, 12.154684066772461, 12.152634620666504, 12.141475677490234, 12.13442325592041, 12.14378547668457, 12.140559196472168, 12.138522148132324, 12.143653869628906, 12.1323881149292, 12.141531944274902, 12.12502384185791, 12.132118225097656, 12.133760452270508, 12.132833480834961, 12.133185386657715, 12.128931045532227, 12.129620552062988, 12.1312894821167, 12.129899978637695, 12.122681617736816, 12.120381355285645, 12.119438171386719, 12.121716499328613, 12.122098922729492, 12.122525215148926, 12.117387771606445, 12.116610527038574, 12.116795539855957, 12.116347312927246, 12.117937088012695, 12.11661434173584, 12.118724822998047, 12.120649337768555, 12.114592552185059, 12.114751815795898, 12.114912986755371, 12.114631652832031, 12.114599227905273, 12.1070556640625, 12.111673355102539, 12.112582206726074, 12.113333702087402, 12.113524436950684, 12.112807273864746, 12.112418174743652, 12.112531661987305, 12.112523078918457, 12.113592147827148, 12.112427711486816], "val_mse": [0.005998916458338499, 0.005932935513556004, 0.005933583714067936, 0.005933190695941448, 0.005933843553066254, 0.00594225013628602, 0.005935308523476124, 0.005934904329478741, 0.005933903623372316, 0.0059284549206495285, 0.005925011355429888, 0.005929582752287388, 0.005928007420152426, 0.0059270127676427364, 0.005929518491029739, 0.00592401809990406, 0.00592848239466548, 0.005920421797782183, 0.005923885852098465, 0.005924687720835209, 0.0059242346324026585, 0.005924406461417675, 0.0059223296120762825, 0.005922666285187006, 0.0059234811924397945, 0.005922802723944187, 0.005919278133660555, 0.005918154958635569, 0.005917694419622421, 0.0059188068844377995, 0.00591899361461401, 0.005919201765209436, 0.00591669324785471, 0.005916313733905554, 0.005916403606534004, 0.005916185211390257, 0.005916961468756199, 0.00591631606221199, 0.005917346104979515, 0.0059182848781347275, 0.005915328394621611, 0.005915406625717878, 0.005915484856814146, 0.00591534748673439, 0.00591533025726676, 0.005911648273468018, 0.005913903005421162, 0.005914346780627966, 0.005914713721722364, 0.005914806853979826, 0.005914457608014345, 0.005914266686886549, 0.005914321634918451, 0.005914317909628153, 0.005914839915931225, 0.005914272274821997], "learning_rate": [0.10000000149011612, 0.10000000149011612, 0.10000000149011612, 0.10000000149011612, 0.10000000149011612, 0.10000000149011612, 0.07500000298023224, 0.07500000298023224, 0.07500000298023224, 0.07500000298023224, 0.07500000298023224, 0.07500000298023224, 0.07500000298023224, 0.07500000298023224, 0.07500000298023224, 0.05625000223517418, 0.05625000223517418, 0.05625000223517418, 0.05625000223517418, 0.05625000223517418, 0.05625000223517418, 0.05625000223517418, 0.04218750074505806, 0.04218750074505806, 0.04218750074505806, 0.04218750074505806, 0.03164062649011612, 0.03164062649011612, 0.03164062649011612, 0.03164062649011612, 0.03164062649011612, 0.03164062649011612, 0.02373046986758709, 0.02373046986758709, 0.02373046986758709, 0.02373046986758709, 0.02373046986758709, 0.02373046986758709, 0.02373046986758709, 0.02373046986758709, 0.01779785193502903, 0.01779785193502903, 0.01779785193502903, 0.01779785193502903, 0.01779785193502903, 0.01334838941693306, 0.01334838941693306, 0.01334838941693306, 0.01334838941693306, 0.01334838941693306, 0.010011292062699795, 0.010011292062699795, 0.010011292062699795, 0.010011292062699795, 0.007508468814194202, 0.007508468814194202]}