{"loss": [13.747539520263672, 12.006208419799805, 11.86854362487793, 11.899837493896484, 11.851666450500488, 11.839405059814453, 11.768409729003906, 12.604923248291016, 12.844977378845215, 12.841205596923828, 12.84145450592041, 12.837056159973145, 12.831962585449219, 12.831809043884277, 12.831820487976074, 12.82785415649414, 12.826294898986816], "mse": [0.006712665781378746, 0.005862406454980373, 0.005795187316834927, 0.005810467526316643, 0.005786946974694729, 0.005780959501862526, 0.005746293812990189, 0.0061547476798295975, 0.006271961610764265, 0.006270119920372963, 0.00627024145796895, 0.006268093828111887, 0.006265606731176376, 0.00626553175970912, 0.0062655373476445675, 0.006263600662350655, 0.006262838840484619], "val_loss": [12.44659423828125, 11.828164100646973, 11.803902626037598, 11.81883716583252, 11.80743408203125, 11.794803619384766, 11.342095375061035, 12.835184097290039, 12.823798179626465, 12.820779800415039, 12.802091598510742, 12.790730476379395, 12.790214538574219, 12.790231704711914, 12.790230751037598, 12.788896560668945, 12.788999557495117], "val_mse": [0.006077439058572054, 0.005775471217930317, 0.005763624329119921, 0.00577091658487916, 0.005765348672866821, 0.005759180057793856, 0.005538132507354021, 0.006267179735004902, 0.006261620204895735, 0.006260146386921406, 0.006251021288335323, 0.006245473865419626, 0.006245221942663193, 0.006245229858905077, 0.006245229858905077, 0.0062445783987641335, 0.006244628224521875], "learning_rate": [0.10000000149011612, 0.10000000149011612, 0.10000000149011612, 0.10000000149011612, 0.10000000149011612, 0.10000000149011612, 0.10000000149011612, 0.10000000149011612, 0.10000000149011612, 0.10000000149011612, 0.10000000149011612, 0.07500000298023224, 0.07500000298023224, 0.07500000298023224, 0.07500000298023224, 0.05625000223517418, 0.05625000223517418]}