{"loss": [7.301460266113281, NaN, NaN, NaN, NaN, NaN, NaN, NaN, NaN, NaN, NaN], "mse": [0.014260663650929928, NaN, NaN, NaN, NaN, NaN, NaN, NaN, NaN, NaN, NaN], "val_loss": [3.029456377029419, NaN, NaN, NaN, NaN, NaN, NaN, NaN, NaN, NaN, NaN], "val_mse": [0.005916906986385584, NaN, NaN, NaN, NaN, NaN, NaN, NaN, NaN, NaN, NaN], "learning_rate": [0.10000000149011612, 0.10000000149011612, 0.10000000149011612, 0.10000000149011612, 0.10000000149011612, 0.07500000298023224, 0.07500000298023224, 0.07500000298023224, 0.07500000298023224, 0.05625000223517418, 0.05625000223517418]}