{"loss": [9.433093070983887, 4.807483196258545, 4.782670021057129, 4.780144214630127, 4.778598308563232, 4.777493000030518, 4.776650428771973, 4.775955677032471, 4.775391578674316, 4.774925231933594, 4.774528503417969, 4.774191379547119, 4.773890495300293, 4.6728339195251465, 4.60384464263916, 4.603096008300781, 4.602903842926025, 4.602735996246338, 4.602560997009277, 4.5248870849609375, 4.49349308013916, 4.492522239685059, 4.492425441741943, 4.492310523986816, 4.492210388183594, 4.433380126953125, 4.418028354644775, 4.417869567871094, 4.417749881744385, 4.417665004730225, 4.417584419250488, 4.370071887969971, 4.355851650238037, 4.355851173400879, 4.355810642242432, 4.355777263641357, 4.333484649658203, 4.325217247009277, 4.325101852416992, 4.325061798095703, 4.325021743774414, 4.307271480560303, 4.300586223602295, 4.300632476806641, 4.300594329833984, 4.300568580627441, 4.285540580749512, 4.279041290283203, 4.278887748718262, 4.278862476348877, 4.278839111328125, 4.266343593597412, 4.261030673980713, 4.260962009429932, 4.260941028594971, 4.26092529296875, 4.25184965133667, 4.248581409454346, 4.248579025268555, 4.248564720153809, 4.248551845550537, 4.242161750793457, 4.239845275878906, 4.239797592163086, 4.239785194396973, 4.239774703979492, 4.235283851623535, 4.2334794998168945, 4.233452320098877, 4.233440399169922, 4.233433246612549, 4.230074405670166, 4.228443622589111, 4.228399276733398, 4.2283854484558105, 4.228381633758545, 4.2255778312683105, 4.224117279052734, 4.224079132080078, 4.224069118499756, 4.224063396453857, 4.221652030944824, 4.2205305099487305, 4.220489501953125, 4.220480918884277, 4.220473766326904, 4.218438625335693, 4.2177205085754395, 4.217668056488037, 4.217655658721924, 4.217652320861816, 4.215993881225586, 4.2156081199646, 4.215549468994141, 4.215535640716553, 4.214221477508545, 4.214048862457275, 4.213993549346924, 4.213978290557861, 4.213972568511963, 4.212952136993408, 4.212895393371582, 4.212850093841553, 4.212836265563965, 4.212048053741455, 4.212040424346924, 4.212010383605957], "mse": [0.018424009904265404, 0.009389616549015045, 0.009341152384877205, 0.009336219169199467, 0.009333200752735138, 0.009331041015684605, 0.009329395368695259, 0.009328038431704044, 0.009326936677098274, 0.0093260258436203, 0.00932525098323822, 0.009324592538177967, 0.009324004873633385, 0.009126628749072552, 0.00899188406765461, 0.008990421891212463, 0.008990047499537468, 0.008989718742668629, 0.008989376947283745, 0.008837670087814331, 0.008776353672146797, 0.00877445749938488, 0.008774268440902233, 0.008774043060839176, 0.008773848414421082, 0.008658945560455322, 0.008628961630165577, 0.00862865149974823, 0.008628417737782001, 0.00862825196236372, 0.00862809456884861, 0.008535296656191349, 0.008507522754371166, 0.008507521823048592, 0.00850744266062975, 0.008507377468049526, 0.008463838137686253, 0.008447689935564995, 0.008447464555501938, 0.00844738632440567, 0.008447308093309402, 0.008412638679146767, 0.008399582467973232, 0.008399673737585545, 0.00839960016310215, 0.008399548009037971, 0.008370195515453815, 0.008357502520084381, 0.008357202634215355, 0.0083571532741189, 0.008357107639312744, 0.008332702331244946, 0.00832232553511858, 0.008322191424667835, 0.008322149515151978, 0.00832211971282959, 0.008304393850266933, 0.008298009634017944, 0.008298005908727646, 0.008297977969050407, 0.008297952823340893, 0.008285471238195896, 0.008280947804450989, 0.008280854672193527, 0.008280830457806587, 0.008280809968709946, 0.008272038772702217, 0.008268514648079872, 0.008268462494015694, 0.008268438279628754, 0.008268424309790134, 0.008261865004897118, 0.008258678950369358, 0.008258592337369919, 0.008258565329015255, 0.008258557878434658, 0.008253081701695919, 0.008250229060649872, 0.008250154554843903, 0.008250134997069836, 0.00825012382119894, 0.00824541412293911, 0.008243223652243614, 0.008243143558502197, 0.008243126794695854, 0.008243112824857235, 0.008239137940108776, 0.00823773443698883, 0.008237632922828197, 0.008237608708441257, 0.008237602189183235, 0.008234363049268723, 0.008233610540628433, 0.008233495056629181, 0.008233468048274517, 0.008230901323258877, 0.008230564184486866, 0.008230455219745636, 0.008230426348745823, 0.008230415172874928, 0.00822842214256525, 0.008228311315178871, 0.008228222839534283, 0.008228195831179619, 0.00822665635496378, 0.008226641453802586, 0.008226582780480385], "val_loss": [4.879461765289307, 4.743020534515381, 4.740190505981445, 4.738676071166992, 4.737721920013428, 4.737002849578857, 4.736479759216309, 4.736108779907227, 4.735793113708496, 4.73560094833374, 4.735446453094482, 4.735302448272705, 4.735218048095703, 4.558450222015381, 4.556317329406738, 4.55635404586792, 4.556326389312744, 4.556305885314941, 4.556273460388184, 4.457186698913574, 4.453437805175781, 4.4535980224609375, 4.453588485717773, 4.453590393066406, 4.453577041625977, 4.412917613983154, 4.411561965942383, 4.411531925201416, 4.411494731903076, 4.411484241485596, 4.411449909210205, 4.360568523406982, 4.361217498779297, 4.361279487609863, 4.361309051513672, 4.36132287979126, 4.33144998550415, 4.330926895141602, 4.330898761749268, 4.330892086029053, 4.33087158203125, 4.31301736831665, 4.313174247741699, 4.313204288482666, 4.313176155090332, 4.31317138671875, 4.2883148193359375, 4.288466453552246, 4.288449287414551, 4.288441181182861, 4.288431167602539, 4.270587921142578, 4.27036190032959, 4.270327091217041, 4.270320892333984, 4.270316123962402, 4.260858535766602, 4.260994911193848, 4.2609686851501465, 4.260959148406982, 4.260954856872559, 4.25449275970459, 4.254424095153809, 4.254420280456543, 4.254410743713379, 4.254405498504639, 4.249236106872559, 4.249209880828857, 4.249197483062744, 4.249189376831055, 4.249191761016846, 4.244899749755859, 4.244740009307861, 4.24473237991333, 4.244731426239014, 4.2447333335876465, 4.241448879241943, 4.241316795349121, 4.2413010597229, 4.241303443908691, 4.24130392074585, 4.239191055297852, 4.239081382751465, 4.239053726196289, 4.239044666290283, 4.239041328430176, 4.237916469573975, 4.237802505493164, 4.237765789031982, 4.2377519607543945, 4.23774528503418, 4.23723840713501, 4.237104415893555, 4.237065315246582, 4.237046718597412, 4.236854076385498, 4.236729145050049, 4.236685752868652, 4.236663341522217, 4.2366509437561035, 4.236599445343018, 4.236495494842529, 4.236451148986816, 4.236429691314697, 4.236436367034912, 4.2363600730896, 4.236321449279785],