{"loss": [5.506067752838135, 4.289430618286133, 4.287163257598877, 4.28666877746582, 4.28627872467041, 4.285974025726318, 4.285739421844482, 4.285555362701416, 4.269196510314941, 4.263335227966309, 4.263092517852783, 4.263047218322754, 4.2629923820495605, 4.254578113555908, 4.255544662475586, 4.255640506744385, 4.255624294281006, 4.248752117156982, 4.244214057922363, 4.244314193725586, 4.244296550750732, 4.244285583496094, 4.241262912750244, 4.2414937019348145, 4.241558074951172, 4.241551399230957, 4.241549015045166, 4.238687038421631, 4.2362589836120605, 4.236212253570557, 4.236205577850342, 4.236202239990234, 4.233462810516357, 4.232565879821777, 4.232598304748535, 4.232594966888428, 4.2325921058654785, 4.231071472167969, 4.230443000793457, 4.230408668518066, 4.230405330657959, 4.230404376983643, 4.228774070739746, 4.227627754211426, 4.227639675140381, 4.227640151977539, 4.227639675140381, 4.226299285888672, 4.225708961486816, 4.225708961486816, 4.225708484649658, 4.225707054138184, 4.2248663902282715, 4.224532127380371, 4.224518299102783, 4.224518299102783, 4.224013328552246, 4.223666191101074, 4.223659515380859, 4.22365665435791, 4.223655700683594, 4.223272323608398, 4.222856521606445, 4.222848892211914, 4.2228474617004395, 4.222476482391357, 4.222118377685547, 4.222120761871338, 4.222120761871338, 4.222119331359863, 4.221773147583008, 4.221545696258545, 4.221547603607178, 4.221545219421387, 4.221245288848877, 4.221124172210693], "mse": [0.010754040442407131, 0.008377794176340103, 0.008373367600142956, 0.00837239995598793, 0.008371638134121895, 0.008371043018996716, 0.008370584808290005, 0.008370225317776203, 0.00833827443420887, 0.008326826617121696, 0.008326352573931217, 0.008326264098286629, 0.008326156996190548, 0.008309722878038883, 0.008311610668897629, 0.008311797864735126, 0.00831176619976759, 0.008298343978822231, 0.008289479650557041, 0.008289676159620285, 0.008289641700685024, 0.008289620280265808, 0.00828371662646532, 0.008284167386591434, 0.008284293115139008, 0.008284281007945538, 0.00828427542001009, 0.008278685621917248, 0.008273943327367306, 0.008273851126432419, 0.008273839019238949, 0.008273833431303501, 0.008268481120467186, 0.008266729302704334, 0.008266793563961983, 0.00826678704470396, 0.008266781456768513, 0.008263811469078064, 0.00826258398592472, 0.008262516930699348, 0.008262510411441326, 0.008262506686151028, 0.008259324356913567, 0.008257085457444191, 0.008257108740508556, 0.008257109671831131, 0.008257108740508556, 0.008254490792751312, 0.008253337815403938, 0.008253337815403938, 0.008253335952758789, 0.00825333409011364, 0.008251692168414593, 0.008251039311289787, 0.008251013234257698, 0.008251013234257698, 0.008250026032328606, 0.008249348029494286, 0.008249335922300816, 0.008249330334365368, 0.008249327540397644, 0.008248578757047653, 0.008247767575085163, 0.008247751742601395, 0.00824774894863367, 0.008247025310993195, 0.008246324956417084, 0.008246329613029957, 0.008246329613029957, 0.008246326819062233, 0.008245650678873062, 0.00824520643800497, 0.008245209231972694, 0.008245205506682396, 0.008244619704782963, 0.00824438314884901], "val_loss": [4.301643371582031, 4.281981945037842, 4.281380653381348, 4.280937671661377, 4.280615329742432, 4.280351161956787, 4.28016471862793, 4.2800092697143555, 4.265388011932373, 4.264578819274902, 4.264547824859619, 4.264487266540527, 4.2644500732421875, 4.270756721496582, 4.271519660949707, 4.271509170532227, 4.271492958068848, 4.249743461608887, 4.250280857086182, 4.250252723693848, 4.250247001647949, 4.250247001647949, 4.243159770965576, 4.2432637214660645, 4.2432708740234375, 4.243259429931641, 4.243262767791748, 4.241654396057129, 4.241288185119629, 4.241300106048584, 4.241293907165527, 4.241303443908691, 4.23936653137207, 4.239635944366455, 4.239652156829834, 4.2396464347839355, 4.239649295806885, 4.235650062561035, 4.235519886016846, 4.235511302947998, 4.235507965087891, 4.235507965087891, 4.231719493865967, 4.2317328453063965, 4.2317376136779785, 4.231739044189453, 4.2317352294921875, 4.2300567626953125, 4.230097770690918, 4.230100631713867, 4.230101108551025, 4.230104446411133, 4.229193687438965, 4.229219913482666, 4.229226589202881, 4.229227542877197, 4.228227615356445, 4.228204250335693, 4.228208065032959, 4.228211402893066, 4.228214740753174, 4.227303504943848, 4.2273077964782715, 4.227315902709961, 4.227318286895752, 4.226748943328857, 4.226788520812988, 4.22679328918457, 4.2267985343933105, 4.226799488067627, 4.2265191078186035, 4.226541519165039, 4.226546287536621, 4.226548671722412, 4.2264275550842285, 4.226424694061279], "val_mse": [0.008401647210121155, 0.008363245986402035, 0.008362071588635445, 0.008361206389963627, 0.008360576815903187, 0.00836006086319685, 0.0083596957847476, 0.00835939310491085, 0.008330835960805416, 0.008329255506396294, 0.008329194970428944, 0.008329076692461967, 0.008329004049301147, 0.008341321721673012, 0.008342811837792397, 0.008342791348695755, 0.008342759683728218, 0.008300280198454857, 0.008301329798996449, 0.008301274850964546, 0.00830126367509365, 0.00830126367509365, 0.008287421427667141, 0.008287624455988407, 0.008287639357149601, 0.008287616074085236, 0.008287622593343258, 0.00828448124229908, 0.008283765986561775, 0.00828378926962614, 0.00828377716243267, 0.008283795788884163, 0.00828001368790865, 0.008280540816485882, 0.008280569687485695, 0.008280559442937374, 0.008280564099550247, 0.008272754028439522, 0.008272499777376652, 0.008272483944892883, 0.008272476494312286, 0.008272476494312286, 0.008265077136456966, 0.008265103213489056, 0.008265112526714802, 0.008265115320682526, 0.008265108801424503, 0.008261829614639282, 0.0082619097083807, 0.008261915296316147, 0.008261916227638721, 0.00826192181557417, 0.008260143920779228, 0.008260195143520832, 0.008260208182036877, 0.008260210044682026, 0.008258257061243057, 0.008258211426436901, 0.008258218877017498, 0.00825822539627552, 0.008258232846856117, 0.008256452158093452, 0.008256460539996624, 0.008256476372480392, 0.00825648196041584, 0.008255369029939175, 0.008255446329712868, 0.008255455642938614, 0.008255465887486935, 0.008255467750132084, 0.00825492013245821, 0.008254963904619217, 0.008254973217844963, 0.008254977874457836, 0.008254741318523884, 0.008254735730588436], "learning_rate": [0.10000000149011612, 0.10000000149011612, 0.10000000149011612, 0.10000000149011612, 0.10000000149011612, 0.10000000149011612, 0.10000000149011612, 0.10000000149011612, 0.07500000298023224, 0.07500000298023224, 0.07500000298023224, 0.07500000298023224, 0.07500000298023224, 0.05625000223517418, 0.05625000223517418, 0.05625000223517418, 0.05625000223517418, 0.04218750074505806, 0.04218750074505806, 0.04218750074505806, 0.04218750074505806, 0.04218750074505806, 0.03164062649011612, 0.03164062649011612, 0.03164062649011612, 0.03164062649011612, 0.03164062649011612, 0.02373046986758709, 0.02373046986758709, 0.02373046986758709, 0.02373046986758709, 0.02373046986758709, 0.01779785193502903, 0.01779785193502903, 0.01779785193502903, 0.01779785193502903, 0.01779785193502903, 0.01334838941693306, 0.01334838941693306, 0.01334838941693306, 0.01334838941693306, 0.01334838941693306, 0.010011292062699795, 0.010011292062699795, 0.010011292062699795, 0.010011292062699795, 0.010011292062699795, 0.007508468814194202, 0.007508468814194202, 0.007508468814194202, 0.007508468814194202, 0.007508468814194202, 0.0056313518434762955, 0.0056313518434762955, 0.0056313518434762955, 0.0056313518434762955, 0.004223513882607222, 0.004223513882607222, 0.004223513882607222, 0.004223513882607222, 0.004223513882607222, 0.0031676352955400944, 0.0031676352955400944, 0.0031676352955400944, 0.0031676352955400944, 0.0023757265880703926, 0.0023757265880703926, 0.0023757265880703926, 0.0023757265880703926, 0.0023757265880703926, 0.0017817949410527945, 0.0017817949410527945, 0.0017817949410527945, 0.0017817949410527945, 0.001336346147581935, 0.001336346147581935]}