{"loss": [4.365261554718018, 3.711179494857788, 3.4768738746643066, 3.3797900676727295, 3.3433239459991455, 3.32261323928833, 3.3049862384796143, 3.293886423110962, 3.2853622436523438, 3.2785086631774902, 3.2728028297424316, 3.2674825191497803, 3.262667655944824, 3.258993148803711, 3.255547285079956, 3.252148389816284, 3.248915195465088, 3.2462337017059326, 3.2435355186462402, 3.2411391735076904, 3.2390246391296387, 3.2376179695129395, 3.2362101078033447, 3.2344703674316406, 3.233429431915283, 3.232436418533325, 3.231433391571045, 3.2304229736328125, 3.2293283939361572, 3.2282063961029053, 3.227435350418091, 3.226590871810913, 3.226017475128174, 3.2255678176879883, 3.225008964538574, 3.224276542663574, 3.2241153717041016, 3.221273899078369, 3.220385789871216, 3.2197811603546143, 3.219179630279541, 3.218729019165039, 3.21832013130188, 3.21799373626709, 3.217592239379883, 3.2149910926818848, 3.2133865356445312, 3.212855100631714, 3.2124392986297607, 3.21207332611084, 3.2117152214050293, 3.211347818374634, 3.2110350131988525, 3.2087621688842773, 3.208036184310913, 3.207740306854248, 3.2073464393615723, 3.207181453704834, 3.2054529190063477, 3.204286813735962, 3.203930616378784, 3.2037007808685303, 3.203531503677368, 3.2021210193634033, 3.2011375427246094, 3.2008678913116455, 3.2007150650024414, 3.1996195316314697, 3.1987175941467285, 3.1984846591949463, 3.1983461380004883, 3.1981704235076904, 3.1973421573638916, 3.196485996246338, 3.1963396072387695, 3.1961965560913086, 3.195312261581421, 3.194756031036377], "mse": [0.008525901474058628, 0.007248397450894117, 0.006790769286453724, 0.0066011524759233, 0.006529929116368294, 0.00648947898298502, 0.006455051247030497, 0.0064333719201385975, 0.006416723132133484, 0.006403337232768536, 0.006392193026840687, 0.006381801795214415, 0.006372398696839809, 0.006365220993757248, 0.006358490791171789, 0.00635185232385993, 0.006345537956804037, 0.0063403001986444, 0.006335030309855938, 0.006330349948257208, 0.0063262199983000755, 0.00632347259670496, 0.006320723332464695, 0.006317324936389923, 0.0063152918592095375, 0.006313352379947901, 0.006311393342912197, 0.006309419870376587, 0.006307282019406557, 0.006305090617388487, 0.006303584668785334, 0.00630193529650569, 0.006300815846771002, 0.006299937143921852, 0.00629884609952569, 0.006297415122389793, 0.006297100801020861, 0.00629155058413744, 0.006289815995842218, 0.006288635078817606, 0.006287459749728441, 0.006286580581218004, 0.006285782437771559, 0.00628514401614666, 0.006284359842538834, 0.006279279477894306, 0.0062761465087533, 0.006275107618421316, 0.0062742955051362514, 0.006273580715060234, 0.006272881291806698, 0.006272163707762957, 0.006271552760154009, 0.006267113611102104, 0.006265695672482252, 0.006265117786824703, 0.006264348514378071, 0.006264026276767254, 0.006260650232434273, 0.006258372217416763, 0.0062576765194535255, 0.006257228087633848, 0.00625689746811986, 0.006254142615944147, 0.006252221763134003, 0.006251695100218058, 0.006251396145671606, 0.006249256897717714, 0.006247495301067829, 0.0062470403499901295, 0.006246769800782204, 0.006246426608413458, 0.006244809832423925, 0.006243136711418629, 0.006242850795388222, 0.00624257093295455, 0.006240844260901213, 0.006239757873117924], "val_loss": [3.9027812480926514, 3.5654866695404053, 3.4135513305664062, 3.3469626903533936, 3.324723720550537, 3.307086944580078, 3.2949883937835693, 3.2853643894195557, 3.277596950531006, 3.2727980613708496, 3.2666003704071045, 3.2615556716918945, 3.257532835006714, 3.2541298866271973, 3.2506840229034424, 3.2476038932800293, 3.244295597076416, 3.242887496948242, 3.2391202449798584, 3.23738694190979, 3.2357418537139893, 3.2343173027038574, 3.2333011627197266, 3.231519937515259, 3.2294561862945557, 3.2290940284729004, 3.2275593280792236, 3.226750135421753, 3.2251713275909424, 3.2248077392578125, 3.2237324714660645, 3.2227883338928223, 3.2222676277160645, 3.222588300704956, 3.221848487854004, 3.2213962078094482, 3.222212076187134, 3.217733144760132, 3.2174456119537354, 3.2168025970458984, 3.2165284156799316, 3.216578960418701, 3.2164108753204346, 3.216292142868042, 3.2158901691436768, 3.216336727142334, 3.2157304286956787, 3.2155439853668213, 3.215320348739624, 3.2152578830718994, 3.2150886058807373, 3.2150816917419434, 3.2148640155792236, 3.2122609615325928, 3.212533712387085, 3.212353467941284, 3.212310314178467, 3.2122480869293213, 3.2096292972564697, 3.2096292972564697, 3.209618091583252, 3.209789276123047, 3.209843158721924, 3.208885669708252, 3.2086479663848877, 3.2087626457214355, 3.2088003158569336, 3.2077972888946533, 3.2078471183776855, 3.207886219024658, 3.207897663116455, 3.2079813480377197, 3.2078261375427246, 3.207827091217041, 3.2078473567962646, 3.2078657150268555, 3.2073097229003906, 3.2073662281036377], "val_mse": [0.00762261962518096, 0.006963841151446104, 0.006667092442512512, 0.006537036504596472, 0.0064936005510389805, 0.006459154188632965, 0.006435524206608534, 0.00641672732308507, 0.006401556544005871, 0.006392183713614941, 0.006380078848451376, 0.0063702259212732315, 0.006362368818372488, 0.006355722434818745, 0.006348992232233286, 0.006342977285385132, 0.006336514838039875, 0.006333765108138323, 0.006326406728476286, 0.006323021370917559, 0.006319808308035135, 0.0063170259818434715, 0.006315041333436966, 0.00631156237795949, 0.006307531613856554, 0.006306824274361134, 0.006303826812654734, 0.006302246358245611, 0.006299162749201059, 0.006298454012721777, 0.006296352483332157, 0.0062945084646344185, 0.006293491460382938, 0.006294117774814367, 0.006292672827839851, 0.006291789468377829, 0.006293382961302996, 0.0062846350483596325, 0.006284073926508427, 0.00628281757235527, 0.0062822820618748665, 0.006282380782067776, 0.006282052490860224, 0.0062818205915391445, 0.006281035486608744, 0.006281907670199871, 0.0062807234935462475, 0.006280359346419573, 0.006279922556132078, 0.006279801484197378, 0.006279469933360815, 0.006279456429183483, 0.006279031280428171, 0.006273947190493345, 0.006274479907006025, 0.006274127867072821, 0.006274043582379818, 0.006273922044783831, 0.0062688072212040424, 0.0062688072212040424, 0.006268786732107401, 0.006269119679927826, 0.006269225385040045, 0.00626735482364893, 0.006266890559345484, 0.006267114542424679, 0.006267188116908073, 0.00626522907987237, 0.006265326403081417, 0.0062654027715325356, 0.006265425123274326, 0.006265588570386171, 0.006265285424888134, 0.0062652877531945705, 0.006265326868742704, 0.006265362724661827, 0.006264277268201113, 0.006264387164264917],