{"loss": [4.360584259033203, 3.672018527984619, 3.5124921798706055, 3.4068126678466797, 3.3635456562042236, 3.3414347171783447, 3.3317346572875977, 3.321070909500122, 3.3129031658172607, 3.303422451019287, 3.294987916946411, 3.288604259490967, 3.283912181854248, 3.2806968688964844, 3.2776918411254883, 3.2750885486602783, 3.27228045463562, 3.2697436809539795, 3.2676427364349365, 3.265821695327759, 3.2639336585998535, 3.2624099254608154, 3.2609896659851074, 3.260226249694824, 3.2594783306121826, 3.25913667678833, 3.2581875324249268, 3.257465362548828, 3.257174253463745, 3.2566325664520264, 3.256056070327759, 3.2552175521850586, 3.2546303272247314, 3.2545931339263916, 3.2539401054382324, 3.2537143230438232, 3.2529897689819336, 3.246476411819458, 3.2453153133392334, 3.2450032234191895, 3.2441554069519043, 3.2436702251434326, 3.24332332611084, 3.2427947521209717, 3.242509365081787, 3.242095947265625, 3.2417280673980713, 3.2413952350616455, 3.239119291305542, 3.2386629581451416, 3.2380473613739014, 3.2377560138702393, 3.237539052963257, 3.237055778503418, 3.2368526458740234, 3.236314296722412, 3.235950231552124, 3.2357234954833984, 3.2355642318725586, 3.2351486682891846, 3.234975576400757, 3.232053756713867, 3.2311294078826904, 3.230839729309082, 3.230644464492798, 3.2303452491760254, 3.228282928466797, 3.2269999980926514, 3.2267680168151855, 3.2265589237213135, 3.226503610610962, 3.225346326828003, 3.224179744720459, 3.2239935398101807, 3.223853588104248, 3.223703145980835, 3.222698211669922, 3.221855640411377, 3.221756935119629, 3.2216174602508545, 3.2215206623077393, 3.221409320831299, 3.220480442047119, 3.220003128051758, 3.2199041843414307, 3.219811201095581, 3.219759464263916, 3.219653844833374, 3.219578981399536, 3.218815326690674, 3.218479633331299, 3.218416929244995, 3.218346357345581, 3.2182841300964355, 3.2182400226593018, 3.2181777954101562, 3.2175722122192383, 3.2172951698303223, 3.2172341346740723, 3.217177629470825, 3.2167062759399414, 3.21647310256958, 3.2164337635040283, 3.2163939476013184, 3.2163565158843994, 3.2159788608551025, 3.2158169746398926, 3.215787649154663, 3.21576189994812, 3.2154736518859863, 3.215360403060913, 3.215334177017212, 3.2153127193450928, 3.2150862216949463, 3.215024948120117, 3.2150025367736816, 3.214982032775879, 3.214808940887451, 3.214771032333374, 3.214752197265625], "mse": [0.008516766130924225, 0.007171911187469959, 0.006860335823148489, 0.006653930991888046, 0.006569426041096449, 0.006526240613311529, 0.006507294252514839, 0.006486466620117426, 0.006470513995736837, 0.006451996974647045, 0.006435523275285959, 0.0064230551943182945, 0.006413890514522791, 0.006407611072063446, 0.006401741877198219, 0.006396657321602106, 0.0063911727629601955, 0.006386218126863241, 0.00638211565092206, 0.006378557533025742, 0.006374870426952839, 0.0063718948513269424, 0.006369120441377163, 0.0063676293939352036, 0.006366168614476919, 0.006365501321852207, 0.006363647524267435, 0.00636223703622818, 0.00636166799813509, 0.006360609550029039, 0.0063594854436814785, 0.0063578467816114426, 0.006356699857860804, 0.006356627214699984, 0.006355351768434048, 0.006354910787194967, 0.006353495642542839, 0.006340774241834879, 0.00633850647136569, 0.006337896920740604, 0.006336241029202938, 0.006335293408483267, 0.006334615871310234, 0.006333583500236273, 0.0063330261036753654, 0.006332218647003174, 0.006331500131636858, 0.006330849137157202, 0.006326404400169849, 0.00632551359012723, 0.006324311252683401, 0.006323742214590311, 0.006323318462818861, 0.006322374567389488, 0.006321977823972702, 0.0063209268264472485, 0.0063202157616615295, 0.006319771520793438, 0.006319461390376091, 0.006318650674074888, 0.006318311672657728, 0.006312604993581772, 0.0063107991591095924, 0.006310233846306801, 0.006309852469712496, 0.006309268530458212, 0.006305240094661713, 0.00630273437127471, 0.006302281282842159, 0.00630187289789319, 0.00630176393315196, 0.006299504544585943, 0.0062972260639071465, 0.006296862382441759, 0.0062965890392661095, 0.006296295206993818, 0.006294332444667816, 0.006292686797678471, 0.006292494013905525, 0.00629222160205245, 0.006292032543569803, 0.0062918150797486305, 0.00629000086337328, 0.006289068143814802, 0.006288875360041857, 0.006288693752139807, 0.006288592237979174, 0.006288386415690184, 0.006288240198045969, 0.006286748684942722, 0.006286093033850193, 0.006285970564931631, 0.006285832729190588, 0.006285711191594601, 0.006285625044256449, 0.006285503506660461, 0.0062843207269907, 0.006283779628574848, 0.006283660419285297, 0.006283549591898918, 0.006282629445195198, 0.006282174028456211, 0.006282096728682518, 0.006282019894570112, 0.006281946320086718, 0.006281208712607622, 0.00628089252859354, 0.006280835252255201, 0.006280784960836172, 0.006280221976339817, 0.006280001252889633, 0.006279949564486742, 0.006279907654970884, 0.006279465276747942, 0.006279345601797104, 0.006279302295297384, 0.0062792617827653885, 0.006278923712670803, 0.0062788501381874084, 0.006278812885284424], "val_loss": [3.837430953979492, 3.5717294216156006, 3.442993402481079, 3.3747472763061523, 3.3494622707366943, 3.331815719604492, 3.3247406482696533, 3.314934730529785, 3.3066024780273438, 3.29485821723938, 3.290187358856201, 3.2839343547821045, 3.2796590328216553, 3.2771799564361572, 3.2742342948913574, 3.270636558532715, 3.2682814598083496, 3.265554666519165, 3.262803077697754, 3.260636568069458, 3.258574962615967, 3.25734806060791, 3.2558889389038086, 3.2552785873413086, 3.254988670349121, 3.2537500858306885, 3.2522029876708984, 3.2518441677093506, 3.251591444015503, 3.250781774520874, 3.2498350143432617, 3.2504117488861084, 3.249725103378296, 3.2496144771575928, 3.2497875690460205, 3.2493135929107666, 3.249678373336792, 3.244814872741699, 3.2451534271240234, 3.2443809509277344, 3.2437801361083984, 3.2430872917175293, 3.243100643157959, 3.24184250831604, 3.242100477218628, 3.2417283058166504, 3.241514205932617, 3.2409708499908447, 3.238919258117676, 3.2373788356781006, 3.237495183944702, 3.2370693683624268, 3.236602306365967, 3.2361230850219727, 3.2360284328460693, 3.2352848052978516, 3.2346928119659424, 3.2349133491516113, 3.234675168991089, 3.2342846393585205, 3.2338707447052, 3.2291579246520996, 3.228944778442383, 3.228900671005249, 3.228588104248047, 3.2285943031311035, 3.2240536212921143, 3.2237887382507324, 3.2234723567962646, 3.2233848571777344, 3.2233448028564453, 3.221564292907715, 3.2213711738586426, 3.221315622329712, 3.2212188243865967, 3.2210490703582764, 3.2206203937530518, 3.2205302715301514, 3.2203915119171143, 3.2203118801116943, 3.220198392868042, 3.2201223373413086, 3.2196576595306396, 3.2195804119110107, 3.219454288482666, 3.2194037437438965, 3.2193117141723633, 3.2192087173461914, 3.2191219329833984, 3.2185051441192627, 3.2184643745422363, 3.2184088230133057, 3.2183339595794678, 3.2182717323303223, 3.2182528972625732, 3.2181687355041504, 3.217632532119751, 3.217578172683716, 3.2175304889678955, 3.217498779296875, 3.2170891761779785, 3.217090368270874, 3.2170801162719727, 3.2170448303222656, 3.217024564743042, 3.21671724319458, 3.216693878173828, 3.2166683673858643, 3.216651439666748, 3.2164461612701416, 3.216417074203491, 3.216402769088745, 3.2163898944854736, 3.216301679611206, 3.2162647247314453, 3.2162563800811768, 3.216224431991577, 3.216214179992676, 3.2161974906921387, 3.216191053390503],