{"loss": [4.529201030731201, 3.946676015853882, 3.91961932182312, 3.8704259395599365, 3.790938138961792, 3.7381632328033447, 3.7235565185546875, 3.720097064971924, 3.7189691066741943, 3.7169578075408936, 3.7149198055267334, 3.7121500968933105, 3.707015037536621, 3.703089952468872, 3.700434684753418, 3.6989328861236572, 3.6970229148864746, 3.695701837539673, 3.6950178146362305, 3.694070339202881, 3.6937997341156006, 3.692936897277832, 3.6922316551208496, 3.6916182041168213, 3.691159963607788, 3.6909291744232178, 3.690760374069214, 3.690075635910034, 3.689978837966919, 3.689659595489502, 3.689639091491699, 3.689458131790161, 3.688765287399292, 3.6889045238494873, 3.688570499420166, 3.6835312843322754, 3.681323766708374, 3.6810142993927, 3.68094801902771, 3.680842638015747, 3.68070912361145, 3.6806092262268066, 3.680525064468384, 3.6764230728149414, 3.674548864364624, 3.6745710372924805, 3.674434185028076, 3.6743409633636475, 3.6709887981414795, 3.6698453426361084, 3.669907331466675, 3.6697845458984375, 3.6696887016296387, 3.667909860610962, 3.6667046546936035, 3.6666202545166016, 3.666534423828125, 3.666538715362549, 3.665215253829956, 3.664522886276245, 3.6644694805145264, 3.6644086837768555, 3.664369583129883, 3.6631205081939697, 3.6623005867004395, 3.66227388381958, 3.662266492843628, 3.662242889404297, 3.66094970703125, 3.6605453491210938, 3.660503625869751, 3.6604888439178467, 3.6597211360931396, 3.659651756286621], "mse": [0.008846095763146877, 0.007708351593464613, 0.0076555064879357815, 0.007559425663203001, 0.00740417605265975, 0.007301100064069033, 0.007272571325302124, 0.007265814114362001, 0.007263611536473036, 0.007259683217853308, 0.007255702745169401, 0.0072502936236560345, 0.007240263745188713, 0.007232597563415766, 0.007227411959320307, 0.007224478293210268, 0.007220747880637646, 0.0072181676514446735, 0.007216830737888813, 0.007214981131255627, 0.007214452605694532, 0.007212767377495766, 0.007211391348391771, 0.007210191804915667, 0.007209296803921461, 0.007208846043795347, 0.007208516355603933, 0.0072071789763867855, 0.0072069899179041386, 0.0072063663974404335, 0.007206326350569725, 0.0072059729136526585, 0.007204619701951742, 0.00720489164814353, 0.007204239256680012, 0.007194396574050188, 0.007190085016191006, 0.007189481053501368, 0.007189352065324783, 0.007189146243035793, 0.007188884541392326, 0.007188690360635519, 0.007188525982201099, 0.007180512882769108, 0.007176852319389582, 0.007176896557211876, 0.007176629267632961, 0.007176447194069624, 0.0071699004620313644, 0.007167666684836149, 0.007167787756770849, 0.007167547941207886, 0.007167360279709101, 0.007163886446505785, 0.007161532528698444, 0.007161367684602737, 0.007161200046539307, 0.007161208428442478, 0.007158623542636633, 0.007157271262258291, 0.007157166954129934, 0.007157048210501671, 0.007156971842050552, 0.007154532242566347, 0.007152931299060583, 0.007152878679335117, 0.0071528637781739235, 0.00715281767770648, 0.00715029239654541, 0.007149502635002136, 0.007149421144276857, 0.007149391807615757, 0.007147892843931913, 0.007147757336497307], "val_loss": [3.9890007972717285, 3.932515859603882, 3.8966479301452637, 3.822194814682007, 3.742697238922119, 3.7171390056610107, 3.714066982269287, 3.713571786880493, 3.7144312858581543, 3.7126524448394775, 3.711888313293457, 3.7080068588256836, 3.7066378593444824, 3.705927848815918, 3.7048351764678955, 3.7008535861968994, 3.700932741165161, 3.6988189220428467, 3.69814395904541, 3.6988086700439453, 3.6982595920562744, 3.6977591514587402, 3.69854998588562, 3.697232246398926, 3.6967716217041016, 3.6964528560638428, 3.6955249309539795, 3.6947004795074463, 3.6941959857940674, 3.6944963932037354, 3.6931397914886475, 3.6937146186828613, 3.6931092739105225, 3.693087100982666, 3.692396640777588, 3.6851441860198975, 3.6848034858703613, 3.684309720993042, 3.683481216430664, 3.6838464736938477, 3.683316946029663, 3.6831719875335693, 3.6832358837127686, 3.674046754837036, 3.674070358276367, 3.6737701892852783, 3.6735477447509766, 3.673391819000244, 3.6701104640960693, 3.6698038578033447, 3.669656276702881, 3.6694161891937256, 3.669370174407959, 3.667550802230835, 3.6673243045806885, 3.6672537326812744, 3.6672203540802, 3.6671764850616455, 3.6650898456573486, 3.6651687622070312, 3.665083885192871, 3.665048122406006, 3.664999008178711, 3.662882089614868, 3.6628828048706055, 3.6629292964935303, 3.662879705429077, 3.6627604961395264, 3.6628410816192627, 3.662893533706665, 3.6629037857055664, 3.662937641143799, 3.662626266479492, 3.662764072418213], "val_mse": [0.007791017182171345, 0.007680695038288832, 0.0076106395572423935, 0.007465224247425795, 0.007309955544769764, 0.007260037120431662, 0.007254037074744701, 0.007253069896250963, 0.007254748605191708, 0.007251274306327105, 0.007249781861901283, 0.007242200896143913, 0.007239527069032192, 0.00723814032971859, 0.007236005738377571, 0.007228230591863394, 0.007228384260088205, 0.007224255707114935, 0.007222937420010567, 0.007224235683679581, 0.007223164197057486, 0.007222185842692852, 0.007223730441182852, 0.007221156731247902, 0.007220258004963398, 0.007219634018838406, 0.007217821199446917, 0.007216211874037981, 0.007215226534754038, 0.007215813267976046, 0.007213163655251265, 0.0072142863646149635, 0.007213104050606489, 0.0072130607441067696, 0.007211712189018726, 0.007197548169642687, 0.0071968818083405495, 0.007195917423814535, 0.007194299250841141, 0.007195012643933296, 0.007193978410214186, 0.007193695288151503, 0.007193820085376501, 0.007175872568041086, 0.00717591866850853, 0.007175332400947809, 0.007174897938966751, 0.007174593396484852, 0.007168184500187635, 0.007167586125433445, 0.007167297415435314, 0.00716682942584157, 0.007166738621890545, 0.0071631851606070995, 0.007162742782384157, 0.007162604946643114, 0.007162538822740316, 0.007162454072386026, 0.007158378604799509, 0.007158532738685608, 0.007158366963267326, 0.007158296182751656, 0.007158201187849045, 0.007154066581279039, 0.007154067978262901, 0.007154158782213926, 0.007154061924666166, 0.0071538290940225124, 0.007153987418860197, 0.00715408893302083, 0.007154108956456184, 0.007154175546020269, 0.007153566926717758, 0.007153836078941822], "learning_rate": [0.10000000149011612, 0.10000000149011612, 0.10000000149011612, 0.10000000149011612, 0.10000000149011612, 0.10000000149011612, 0.10000000149011612, 0.10000000149011612, 0.10000000149011612, 0.10000000149011612, 0.10000000149011612, 0.10000000149011612, 0.10000000149011612, 0.10000000149011612, 0.10000000149011612, 0.10000000149011612, 0.10000000149011612, 0.10000000149011612, 0.10000000149011612, 0.10000000149011612, 0.10000000149011612, 0.10000000149011612, 0.10000000149011612, 0.10000000149011612, 0.10000000149011612, 0.10000000149011612, 0.10000000149011612, 0.10000000149011612, 0.10000000149011612, 0.10000000149011612, 0.10000000149011612, 0.10000000149011612, 0.10000000149011612, 0.10000000149011612, 0.10000000149011612, 0.07500000298023224, 0.07500000298023224, 0.07500000298023224, 0.07500000298023224, 0.07500000298023224, 0.07500000298023224, 0.07500000298023224, 0.07500000298023224, 0.05625000223517418, 0.05625000223517418, 0.05625000223517418, 0.05625000223517418, 0.05625000223517418, 0.04218750074505806, 0.04218750074505806, 0.04218750074505806, 0.04218750074505806, 0.04218750074505806, 0.03164062649011612, 0.03164062649011612, 0.03164062649011612, 0.03164062649011612, 0.03164062649011612, 0.02373046986758709, 0.02373046986758709, 0.02373046986758709, 0.02373046986758709, 0.02373046986758709, 0.01779785193502903, 0.01779785193502903, 0.01779785193502903, 0.01779785193502903, 0.01779785193502903, 0.01334838941693306, 0.01334838941693306, 0.01334838941693306, 0.01334838941693306, 0.010011292062699795, 0.010011292062699795]}