{"loss": [4.6399102210998535, 4.140605926513672, 3.972658634185791, 3.920213460922241, 3.8423895835876465, 3.7738916873931885, 3.710301399230957, 3.6947572231292725, 3.683844566345215, 3.6719284057617188, 3.673264741897583, 3.6721911430358887, 3.673891305923462, 3.669705629348755, 3.652053117752075, 3.642961025238037, 3.6424691677093506, 3.6390326023101807, 3.6370859146118164, 3.6356635093688965, 3.6362853050231934, 3.630516290664673, 3.6323535442352295, 3.6296331882476807, 3.633502244949341, 3.63089919090271, 3.630465269088745, 3.6313581466674805, 3.623528480529785, 3.6228294372558594, 3.6238150596618652, 3.6218929290771484, 3.621739387512207, 3.6167638301849365, 3.6165921688079834, 3.616304636001587, 3.6163747310638428, 3.616334915161133, 3.6131064891815186, 3.6117594242095947, 3.6114234924316406, 3.611400842666626, 3.6113646030426025, 3.6100709438323975, 3.6092331409454346, 3.60896635055542, 3.6090383529663086, 3.6088144779205322, 3.608070135116577, 3.6072025299072266, 3.607128620147705, 3.6070003509521484, 3.605931282043457, 3.6052191257476807, 3.605123996734619, 3.6050233840942383, 3.604943037033081, 3.603569984436035, 3.603198289871216, 3.603181838989258, 3.6032040119171143, 3.6031057834625244, 3.6022961139678955, 3.6022093296051025, 3.602097988128662, 3.6020283699035645, 3.6019272804260254, 3.6014280319213867, 3.601057291030884, 3.6010189056396484, 3.600942611694336, 3.6009182929992676, 3.6009061336517334, 3.60050106048584, 3.6003453731536865, 3.600339412689209, 3.600285053253174, 3.5999398231506348, 3.5996639728546143, 3.599618673324585, 3.5996155738830566, 3.5995898246765137, 3.599561929702759, 3.5995495319366455, 3.599194288253784, 3.5990805625915527, 3.5990545749664307, 3.5990488529205322], "mse": [0.009062324650585651, 0.008087120950222015, 0.007759098894894123, 0.007656666915863752, 0.007504667155444622, 0.007370882201939821, 0.007246682420372963, 0.00721632270142436, 0.007195008918642998, 0.007171735167503357, 0.007174345199018717, 0.00717224832624197, 0.0071755689568817616, 0.007167393807321787, 0.007132916245609522, 0.007115158252418041, 0.007114196661859751, 0.007107485551387072, 0.007103683426976204, 0.007100905291736126, 0.0071021197363734245, 0.007090852130204439, 0.007094440516084433, 0.007089127320796251, 0.007096684072166681, 0.007091599516570568, 0.007090752478688955, 0.007092496380209923, 0.007077204063534737, 0.00707583874464035, 0.007077763322740793, 0.007074009161442518, 0.007073709741234779, 0.007063991390168667, 0.007063656579703093, 0.0070630949921905994, 0.007063231430947781, 0.0070631541311740875, 0.007056849077343941, 0.007054217625409365, 0.007053561508655548, 0.007053517270833254, 0.007053446490317583, 0.007050920277833939, 0.007049283478409052, 0.0070487624034285545, 0.007048903498798609, 0.0070484657771885395, 0.007047012448310852, 0.007045317441225052, 0.0070451730862259865, 0.007044923026114702, 0.007042834535241127, 0.007041443604975939, 0.007041257806122303, 0.007041061297059059, 0.0070409043692052364, 0.007038222625851631, 0.007037496659904718, 0.007037464063614607, 0.007037506904453039, 0.007037315983325243, 0.007035734597593546, 0.007035564631223679, 0.007035347633063793, 0.007035211659967899, 0.007035014219582081, 0.007034038193523884, 0.007033314555883408, 0.007033240050077438, 0.0070330910384655, 0.0070330435410141945, 0.007033019792288542, 0.0070322295650839806, 0.007031924556940794, 0.007031912915408611, 0.007031806744635105, 0.0070311324670910835, 0.0070305936969816685, 0.00703050522133708, 0.007030499167740345, 0.007030449341982603, 0.007030394393950701, 0.007030370645225048, 0.007029676344245672, 0.0070294542238116264, 0.00702940346673131, 0.0070293922908604145], "val_loss": [4.232311725616455, 4.007452011108398, 3.9443910121917725, 3.879556179046631, 3.7995331287384033, 3.743626832962036, 3.6982131004333496, 3.6897759437561035, 3.6869382858276367, 3.6694276332855225, 3.690624952316284, 3.6768605709075928, 3.6748340129852295, 3.6729111671447754, 3.655810832977295, 3.6512463092803955, 3.6502525806427, 3.6477925777435303, 3.647322654724121, 3.6388356685638428, 3.6397781372070312, 3.640324115753174, 3.6366615295410156, 3.634052038192749, 3.6409595012664795, 3.640657663345337, 3.635800838470459, 3.6375572681427, 3.6308724880218506, 3.6336798667907715, 3.63492751121521, 3.632519483566284, 3.6306066513061523, 3.623753786087036, 3.6256566047668457, 3.6252293586730957, 3.625603199005127, 3.6243884563446045, 3.6219778060913086, 3.622431993484497, 3.622346878051758, 3.6220812797546387, 3.6221752166748047, 3.6203272342681885, 3.6206486225128174, 3.6202428340911865, 3.6203203201293945, 3.619783878326416, 3.620924472808838, 3.6202633380889893, 3.619563579559326, 3.6196987628936768, 3.6176722049713135, 3.61765456199646, 3.617727041244507, 3.6174070835113525, 3.6175947189331055, 3.6165812015533447, 3.616549491882324, 3.616504192352295, 3.6164932250976562, 3.616219997406006, 3.6153852939605713, 3.615156888961792, 3.614936590194702, 3.6147634983062744, 3.6148600578308105, 3.614459991455078, 3.6142826080322266, 3.614269495010376, 3.614116907119751, 3.6140549182891846, 3.614015817642212, 3.613927125930786, 3.613896369934082, 3.613827705383301, 3.613718271255493, 3.6134021282196045, 3.613330602645874, 3.61321759223938, 3.6132755279541016, 3.613178014755249, 3.613165855407715, 3.613168239593506, 3.6129910945892334, 3.6129629611968994, 3.612985134124756, 3.612950086593628], "val_mse": [0.008266233839094639, 0.007827055640518665, 0.007703888695687056, 0.007577258162200451, 0.007420963142067194, 0.0073117706924676895, 0.007223072461783886, 0.00720659364014864, 0.007201051339507103, 0.007166850846260786, 0.007208251394331455, 0.0071813687682151794, 0.007177409715950489, 0.0071736546233296394, 0.007140255533158779, 0.0071313404478132725, 0.007129399571567774, 0.0071245948784053326, 0.007123677060008049, 0.007107100915163755, 0.007108941674232483, 0.007110008038580418, 0.007102854549884796, 0.007097757887095213, 0.007111249025911093, 0.007110659498721361, 0.007101173512637615, 0.007104604039341211, 0.00709154736250639, 0.007097030058503151, 0.007099467795342207, 0.007094766013324261, 0.007091028615832329, 0.0070776441134512424, 0.007081361021846533, 0.00708052609115839, 0.007081256248056889, 0.00707888463512063, 0.007074175402522087, 0.007075062487274408, 0.0070748962461948395, 0.007074377499520779, 0.007074560970067978, 0.007070951629430056, 0.0070715793408453465, 0.007070786319673061, 0.007070938125252724, 0.007069890387356281, 0.0070721181109547615, 0.007070826832205057, 0.007069460116326809, 0.007069723680615425, 0.007065766025334597, 0.007065731566399336, 0.007065873127430677, 0.00706524820998311, 0.007065614685416222, 0.007063635159283876, 0.0070635732263326645, 0.007063484750688076, 0.00706346333026886, 0.007062929682433605, 0.007061299402266741, 0.0070608532987535, 0.007060423027724028, 0.007060084957629442, 0.007060273550450802, 0.007059493102133274, 0.007059145253151655, 0.007059120107442141, 0.007058822084218264, 0.007058701012283564, 0.00705862557515502, 0.007058451417833567, 0.007058391347527504, 0.007058257237076759, 0.007058043498545885, 0.007057426031678915, 0.007057286333292723, 0.007057065609842539, 0.007057178765535355, 0.007056988310068846, 0.007056964561343193, 0.007056969217956066, 0.0070566232316195965, 0.007056568283587694, 0.007056611590087414, 0.0070565431378781796],