{"loss": [4.633691310882568, 4.226586818695068, 4.200483798980713, 3.99849534034729, 3.919670820236206, 3.8889033794403076, 3.8364500999450684, 3.81931734085083, 3.805239677429199, 3.7967076301574707, 3.778646945953369, 3.760943651199341, 3.736844301223755, 3.705857515335083, 3.65136456489563, 3.62160062789917, 3.5931806564331055, 3.5953195095062256, 3.5785510540008545, 3.577368974685669, 3.5727217197418213, 3.563570261001587, 3.565610647201538, 3.568061113357544, 3.5619308948516846, 3.565830945968628, 3.5669052600860596, 3.5626184940338135, 3.568706750869751, 3.552938461303711, 3.555356979370117, 3.5511364936828613, 3.5542759895324707, 3.5469181537628174, 3.545786142349243, 3.5356435775756836, 3.5235044956207275, 3.514906406402588, 3.509870767593384, 3.508815288543701, 3.508389949798584, 3.5059640407562256, 3.5036251544952393, 3.5007591247558594, 3.4953701496124268, 3.488962173461914, 3.4987032413482666, 3.4862375259399414, 3.488190174102783, 3.4900062084198, 3.492333173751831, 3.486443281173706, 3.492156505584717, 3.500711679458618, 3.4720492362976074, 3.471419334411621, 3.4702064990997314, 3.47117280960083, 3.4713635444641113, 3.468827486038208, 3.468134880065918, 3.459237813949585, 3.458388090133667, 3.4562456607818604, 3.456991195678711, 3.4552621841430664, 3.4554054737091064, 3.4548699855804443, 3.454683542251587, 3.454786777496338, 3.4525272846221924, 3.450756072998047, 3.450044631958008, 3.4505019187927246, 3.449418783187866, 3.4454400539398193, 3.444066047668457, 3.443636417388916, 3.4433138370513916, 3.4432497024536133, 3.4430480003356934, 3.442811965942383, 3.4422049522399902, 3.4417505264282227, 3.438065528869629, 3.436872959136963, 3.436729669570923, 3.4365668296813965, 3.4364631175994873, 3.434265613555908, 3.4336557388305664, 3.433478355407715, 3.4333131313323975, 3.431959390640259, 3.431933879852295, 3.4317402839660645, 3.4316859245300293, 3.4311680793762207, 3.431065559387207, 3.431140422821045], "mse": [0.009050177410244942, 0.008255052380263805, 0.008204069919884205, 0.007809560280293226, 0.00765560707077384, 0.007595514412969351, 0.007493066601455212, 0.0074596041813492775, 0.007432108744978905, 0.00741544459015131, 0.007380169816315174, 0.0073455930687487125, 0.007298524025827646, 0.007238002959638834, 0.007131571415811777, 0.007073438726365566, 0.007017931900918484, 0.007022108417004347, 0.006989357527345419, 0.006987048778682947, 0.006977973505854607, 0.0069600981660187244, 0.006964083295315504, 0.006968870759010315, 0.006956896279007196, 0.006964513566344976, 0.006966611836105585, 0.006958239246159792, 0.006970130372792482, 0.00693933293223381, 0.00694405660033226, 0.0069358134642243385, 0.006941945292055607, 0.006927574519068003, 0.0069253635592758656, 0.006905554328113794, 0.0068818447180092335, 0.0068650515750050545, 0.006855216342955828, 0.006853154860436916, 0.006852324120700359, 0.006847586017102003, 0.0068430169485509396, 0.006837420165538788, 0.006826894823461771, 0.006814379245042801, 0.006833404768258333, 0.006809057667851448, 0.0068128714337944984, 0.0068164183758199215, 0.006820963229984045, 0.006809459999203682, 0.00682061817497015, 0.006837327498942614, 0.006781345698982477, 0.0067801158875226974, 0.006777747068554163, 0.006779634393751621, 0.0067800069227814674, 0.006775053683668375, 0.006773700937628746, 0.006756323855370283, 0.006754664238542318, 0.006750479806214571, 0.006751935463398695, 0.006748558953404427, 0.0067488388158380985, 0.006747792940586805, 0.006747428793460131, 0.006747630424797535, 0.0067432173527777195, 0.00673975795507431, 0.006738367490470409, 0.00673926156014204, 0.006737146060913801, 0.00672937510535121, 0.006726691499352455, 0.006725852377712727, 0.0067252228036522865, 0.0067250970751047134, 0.006724703125655651, 0.006724242120981216, 0.006723056081682444, 0.006722168996930122, 0.006714971736073494, 0.006712642498314381, 0.006712362635880709, 0.0067120445892214775, 0.006711842026561499, 0.006707550026476383, 0.00670635886490345, 0.006706012412905693, 0.006705689709633589, 0.0067030456848442554, 0.0067029958590865135, 0.00670261774212122, 0.006702512037009001, 0.006701500155031681, 0.006701299920678139, 0.006701445672661066], "val_loss": [4.235226631164551, 4.228471279144287, 4.133089542388916, 3.9289321899414062, 3.9058313369750977, 3.8692965507507324, 3.812495231628418, 3.80947208404541, 3.7968966960906982, 3.7989118099212646, 3.772747278213501, 3.7538902759552, 3.726729154586792, 3.652838706970215, 3.610959768295288, 3.606849431991577, 3.5642406940460205, 3.599524736404419, 3.5653069019317627, 3.5779716968536377, 3.5633225440979004, 3.552591323852539, 3.555182933807373, 3.554847002029419, 3.5487053394317627, 3.5552451610565186, 3.5486037731170654, 3.5578200817108154, 3.548269271850586, 3.538440227508545, 3.540092706680298, 3.5357506275177, 3.5345511436462402, 3.529526948928833, 3.5254526138305664, 3.511941432952881, 3.5088491439819336, 3.4953508377075195, 3.4921767711639404, 3.490786075592041, 3.487701892852783, 3.488729953765869, 3.490262985229492, 3.4954826831817627, 3.4848806858062744, 3.4878628253936768, 3.488102912902832, 3.4744601249694824, 3.472234010696411, 3.4726903438568115, 3.4860382080078125, 3.471407890319824, 3.485656261444092, 3.4649360179901123, 3.4616589546203613, 3.4589459896087646, 3.463414192199707, 3.4650564193725586, 3.46498703956604, 3.469597816467285, 3.454740524291992, 3.451761484146118, 3.4517598152160645, 3.4511373043060303, 3.4508986473083496, 3.44903564453125, 3.4493536949157715, 3.453125, 3.452547788619995, 3.4535505771636963, 3.440333366394043, 3.4408438205718994, 3.441267251968384, 3.441584348678589, 3.4399666786193848, 3.4395973682403564, 3.439532518386841, 3.439669132232666, 3.4392802715301514, 3.4379472732543945, 3.438988447189331, 3.438255786895752, 3.4385392665863037, 3.4381110668182373, 3.431256055831909, 3.4317526817321777, 3.431628704071045, 3.431241750717163, 3.432229995727539, 3.4307212829589844, 3.430431365966797, 3.4306485652923584, 3.4307491779327393, 3.431091547012329, 3.4313738346099854, 3.431194305419922, 3.430879831314087, 3.4306108951568604, 3.4309098720550537, 3.430299997329712],