{"loss": [11.040691375732422, 5.202579021453857, 5.150045871734619, 5.144958019256592, 5.142205715179443, 5.140353202819824, 5.138995170593262, 5.137962341308594, 5.137158393859863, 5.136471748352051, 5.135910987854004, 5.135436534881592, 5.134993076324463, 5.13460636138916, 5.13428258895874, 4.938969612121582, 4.851251602172852, 4.848639965057373, 4.848275184631348, 4.84793758392334, 4.847657203674316, 4.7119221687316895, 4.664186000823975, 4.662838935852051, 4.662595748901367, 4.662365913391113, 4.662188529968262, 4.662031173706055, 4.661889553070068, 4.661760330200195, 4.661642074584961, 4.560025215148926, 4.526782989501953, 4.526371479034424, 4.526179790496826, 4.526072025299072, 4.456449508666992, 4.436790466308594, 4.436756610870361, 4.436635494232178, 4.436549186706543, 4.3945722579956055, 4.375097751617432, 4.3748321533203125, 4.374751091003418, 4.37467622756958, 4.37461519241333, 4.3455729484558105, 4.338622093200684, 4.338598728179932, 4.338540554046631, 4.338492393493652, 4.316792964935303, 4.3061933517456055, 4.305830001831055, 4.305790424346924, 4.305755138397217, 4.286679744720459, 4.2793049812316895, 4.279306411743164, 4.279273986816406, 4.279250144958496, 4.266395092010498, 4.262038230895996, 4.261997699737549, 4.2619733810424805, 4.261956214904785, 4.25255012512207, 4.248584270477295, 4.248507022857666, 4.2484893798828125, 4.248476982116699, 4.241659641265869, 4.2386956214904785, 4.238663673400879, 4.238644599914551, 4.238632678985596, 4.2337327003479, 4.231348514556885, 4.23128604888916, 4.231268882751465, 4.231257915496826, 4.2273736000061035, 4.225281238555908, 4.225224018096924, 4.225207805633545, 4.2251996994018555, 4.22183895111084, 4.22014045715332, 4.22006893157959, 4.2200541496276855, 4.22004508972168, 4.217124938964844, 4.215938568115234, 4.215863227844238, 4.215847492218018, 4.215839385986328, 4.213402271270752, 4.212722301483154, 4.212642669677734, 4.212622165679932, 4.212615489959717, 4.210666179656982, 4.210340976715088, 4.210265636444092, 4.210244655609131, 4.208711624145508, 4.208588600158691, 4.208520889282227, 4.208500385284424, 4.20849084854126, 4.208486080169678, 4.207309246063232, 4.2072834968566895, 4.207235813140869, 4.207218170166016, 4.206312656402588, 4.206324100494385, 4.206294059753418], "mse": [0.021563848480582237, 0.010161287151277065, 0.010058683343231678, 0.01004874613136053, 0.01004337053745985, 0.01003975234925747, 0.01003709901124239, 0.010035081766545773, 0.010033512488007545, 0.0100321713835001, 0.010031075216829777, 0.010030149482190609, 0.010029283352196217, 0.010028528049588203, 0.01002789568156004, 0.009646425023674965, 0.00947510078549385, 0.009469999931752682, 0.009469287469983101, 0.009468628093600273, 0.0094680804759264, 0.009202972985804081, 0.009109738282859325, 0.009107107296586037, 0.009106632322072983, 0.009106183424592018, 0.009105836972594261, 0.009105528704822063, 0.009105253033339977, 0.009105000644922256, 0.009104768745601177, 0.008906299248337746, 0.008841370232403278, 0.008840569294989109, 0.008840194903314114, 0.00883998442441225, 0.008704002946615219, 0.008665606379508972, 0.008665540255606174, 0.008665303699672222, 0.008665135130286217, 0.008583148941397667, 0.008545111864805222, 0.008544594049453735, 0.00854443572461605, 0.008544289506971836, 0.008544170297682285, 0.008487447164952755, 0.00847387034446001, 0.008473827503621578, 0.008473712019622326, 0.00847361795604229, 0.008431235328316689, 0.00841053482145071, 0.008409824222326279, 0.008409746922552586, 0.008409678004682064, 0.008372421376407146, 0.008358017541468143, 0.008358020335435867, 0.008357957005500793, 0.008357910439372063, 0.008332803845405579, 0.008324293419718742, 0.0083242142572999, 0.008324166759848595, 0.008324132300913334, 0.008305761963129044, 0.008298015221953392, 0.008297864347696304, 0.008297829888761044, 0.008297806605696678, 0.008284490555524826, 0.00827870238572359, 0.008278639987111092, 0.008278602734208107, 0.008278579451143742, 0.008269010111689568, 0.008264352567493916, 0.008264231495559216, 0.008264197036623955, 0.008264175616204739, 0.008256589062511921, 0.008252502419054508, 0.00825238972902298, 0.008252359926700592, 0.008252343162894249, 0.008245780132710934, 0.008242461830377579, 0.008242322131991386, 0.008242293260991573, 0.008242275565862656, 0.008236571215093136, 0.008234255015850067, 0.008234107866883278, 0.008234077133238316, 0.008234060369431973, 0.008229301311075687, 0.008227972313761711, 0.0082278186455369, 0.008227777667343616, 0.008227762766182423, 0.008223958313465118, 0.00822332315146923, 0.008223175071179867, 0.008223133161664009, 0.008220139890909195, 0.008219899609684944, 0.008219767361879349, 0.00821972731500864, 0.008219708688557148, 0.008219699375331402, 0.008217399939894676, 0.008217350579798222, 0.00821725744754076, 0.0082172229886055, 0.008215454407036304, 0.008215476758778095, 0.008215418085455894], "val_loss": [5.36129903793335, 5.144139289855957, 5.1399946212768555, 5.138206481933594, 5.137181758880615, 5.136388301849365, 5.135890483856201, 5.13552188873291, 5.135197162628174, 5.1349992752075195, 5.134718418121338, 5.1345624923706055, 5.134355068206787, 5.134225368499756, 5.13413143157959, 4.79062557220459, 4.781064033508301, 4.780795574188232, 4.780665874481201, 4.780559062957764, 4.780472755432129, 4.622931003570557, 4.6178741455078125, 4.617307662963867, 4.617142200469971, 4.616983890533447, 4.616852760314941, 4.61676025390625, 4.616719722747803, 4.616628646850586, 4.616598129272461, 4.517064094543457, 4.516526222229004, 4.516234397888184, 4.516155242919922, 4.5160813331604, 4.436718463897705, 4.436468124389648, 4.436363220214844, 4.436251640319824, 4.4361796379089355, 4.390573501586914, 4.389211654663086, 4.389142990112305, 4.389071464538574, 4.389009475708008, 4.388976097106934, 4.367481708526611, 4.368222236633301, 4.368227958679199, 4.368198871612549, 4.368180274963379, 4.3360443115234375, 4.335290431976318, 4.33522367477417, 4.3351945877075195, 4.335169792175293, 4.312986850738525, 4.313105583190918, 4.313038349151611, 4.31301212310791, 4.312986850738525, 4.2927374839782715, 4.292669773101807, 4.2926344871521, 4.292612552642822, 4.292582988739014, 4.274591445922852, 4.27459716796875, 4.274580478668213, 4.274567604064941, 4.274564743041992, 4.263245582580566, 4.263306617736816, 4.263300895690918, 4.2633056640625, 4.263296604156494, 4.255735397338867, 4.2556538581848145, 4.2556610107421875, 4.255654335021973, 4.25565767288208, 4.250282287597656, 4.250151634216309, 4.250155448913574, 4.250152587890625, 4.250161170959473, 4.246612548828125, 4.246493339538574, 4.246482849121094, 4.2464823722839355, 4.246483325958252, 4.24445104598999, 4.244373321533203, 4.244343280792236, 4.244329929351807, 4.244335174560547, 4.243345737457275, 4.243229389190674, 4.243196487426758, 4.24318265914917, 4.243177890777588, 4.242793083190918, 4.24263334274292, 4.242598056793213, 4.242581844329834, 4.242481231689453, 4.242320537567139, 4.242284297943115, 4.242266654968262, 4.242256164550781, 4.242250919342041, 4.242287635803223, 4.242152690887451, 4.2421135902404785, 4.242095470428467, 4.242170333862305, 4.242061614990234, 4.2420220375061035],