{"loss": [5.36295223236084, 1.229722499847412, 0.5675390362739563, 0.3751087784767151, 0.29984796047210693, 0.2528105676174164, 0.21715736389160156, 0.19204847514629364, 0.17547249794006348, 0.15843476355075836, 0.1464686393737793, 0.13489602506160736, 0.12649939954280853, 0.12025106698274612, 0.11642984300851822, 0.11305304616689682, 0.10492196679115295, 0.09771021455526352, 0.09319114685058594, 0.09215687215328217, 0.09235216677188873, 0.09171238541603088, 0.08591427654027939, 0.07886268198490143, 0.07525309920310974, 0.07346813380718231, 0.07325804233551025, 0.07437750697135925, 0.07331892848014832, 0.0702361986041069, 0.06871722638607025, 0.07056517899036407, 0.07014970481395721, 0.06523172557353973, 0.06167032569646835, 0.05903596058487892, 0.057811636477708817, 0.058234281837940216, 0.05885059013962746, 0.058388564735651016, 0.056805629283189774, 0.054651614278554916, 0.052528273314237595, 0.05095672607421875, 0.049919385462999344, 0.04950946196913719, 0.049631647765636444, 0.04952017962932587, 0.04780089110136032, 0.04300685599446297, 0.04042629152536392, 0.03922218829393387, 0.038380321115255356, 0.03768980875611305, 0.03708144649863243, 0.03653761371970177, 0.0360332690179348, 0.03556394949555397, 0.03512822836637497, 0.034717172384262085, 0.034328870475292206, 0.03396418318152428, 0.033620744943618774, 0.033290546387434006, 0.03298192098736763, 0.03269386291503906, 0.03250284865498543, 0.03183655068278313, 0.031371764838695526, 0.03101397678256035, 0.030693167820572853, 0.030395841225981712, 0.030112337321043015, 0.029843518510460854, 0.029584374278783798, 0.029334357008337975, 0.02909095399081707, 0.028854936361312866, 0.028624853119254112, 0.02840072102844715, 0.02818223275244236, 0.02805517241358757, 0.027863947674632072, 0.027661079540848732, 0.02747374400496483, 0.027296217158436775, 0.027126921340823174, 0.026969483122229576, 0.026829786598682404, 0.026700593531131744, 0.026578640565276146, 0.026460224762558937, 0.02634369023144245, 0.026218624785542488, 0.02610636129975319, 0.026008406654000282, 0.025918539613485336, 0.025805717334151268, 0.025713419541716576, 0.02564358152449131, 0.025578057393431664, 0.025515025481581688, 0.02545379102230072, 0.025372663512825966, 0.025309614837169647, 0.025260820984840393, 0.02521415613591671, 0.025148706510663033, 0.025100376456975937, 0.025064576417207718, 0.02503061853349209], "mse": [0.010474516078829765, 0.0024018017575144768, 0.001108474680222571, 0.0007326343329623342, 0.0005856406060047448, 0.0004937706398777664, 0.0004241354763507843, 0.00037509467802010477, 0.0003427197225391865, 0.0003094428975600749, 0.00028607153217308223, 0.0002634687989484519, 0.00024706911062821746, 0.00023486536520067602, 0.00022740203712601215, 0.00022080673079472035, 0.0002049257163889706, 0.00019084026280324906, 0.00018201395869255066, 0.00017999392002820969, 0.00018037532572634518, 0.00017912575276568532, 0.00016780132136773318, 0.0001540286757517606, 0.00014697872393298894, 0.00014349244884215295, 0.00014308209938462824, 0.00014526856830343604, 0.00014320103218778968, 0.00013718006084673107, 0.00013421333278529346, 0.0001378226006636396, 0.0001370111567666754, 0.0001274057140108198, 0.00012044985487591475, 0.00011530461051734164, 0.00011291335977148265, 0.00011373882443876937, 0.00011494255886645988, 0.00011404016549931839, 0.0001109484801418148, 0.00010674143413780257, 0.0001025942838168703, 9.95248556137085e-05, 9.74987997324206e-05, 9.669816790847108e-05, 9.693681204225868e-05, 9.67191081144847e-05, 9.336110815638676e-05, 8.399776561418548e-05, 7.895760791143402e-05, 7.660583651158959e-05, 7.496156467823312e-05, 7.36129077267833e-05, 7.24247147445567e-05, 7.136252679629251e-05, 7.03774785506539e-05, 6.946084613446146e-05, 6.860982102807611e-05, 6.780697731301188e-05, 6.704857514705509e-05, 6.63362952764146e-05, 6.56655101920478e-05, 6.502059841295704e-05, 6.44178144284524e-05, 6.385520100593567e-05, 6.348213355522603e-05, 6.21807630523108e-05, 6.12729782005772e-05, 6.057417340343818e-05, 5.9947593399556354e-05, 5.936687739449553e-05, 5.881315883016214e-05, 5.8288122090743855e-05, 5.7781981013249606e-05, 5.7293666031910107e-05, 5.68182731512934e-05, 5.635729758068919e-05, 5.590791624854319e-05, 5.547015825868584e-05, 5.5043423344613984e-05, 5.47952477063518e-05, 5.4421772802015767e-05, 5.402554597822018e-05, 5.365965625969693e-05, 5.3312924137571827e-05, 5.2982260967837647e-05, 5.267477172310464e-05, 5.240192695055157e-05, 5.2149600378470495e-05, 5.191140735405497e-05, 5.1680126489372924e-05, 5.145251998328604e-05, 5.120825153426267e-05, 5.098898691358045e-05, 5.07976692460943e-05, 5.062214768258855e-05, 5.0401795306243e-05, 5.022152254241519e-05, 5.008512016502209e-05, 4.995714334654622e-05, 4.9834034143714234e-05, 4.9714435590431094e-05, 4.9555994337424636e-05, 4.943283784086816e-05, 4.933754826197401e-05, 4.9246398702962324e-05, 4.9118567403638735e-05, 4.902417276753113e-05, 4.8954250814858824e-05, 4.8887926823226735e-05], "val_loss": [1.9348045587539673, 0.7753037810325623, 0.4588409960269928, 0.3474055230617523, 0.290818452835083, 0.256188303232193, 0.22906655073165894, 0.20534831285476685, 0.19260403513908386, 0.18128280341625214, 0.15903425216674805, 0.1483243852853775, 0.14638449251651764, 0.1387491673231125, 0.13684657216072083, 0.1358245313167572, 0.12683911621570587, 0.1174030601978302, 0.1181957796216011, 0.11933547258377075, 0.12352664768695831, 0.10958749800920486, 0.105040542781353, 0.10156624019145966, 0.09960392862558365, 0.10278485715389252, 0.10755954682826996, 0.10020584613084793, 0.09584786742925644, 0.09387771040201187, 0.09243685752153397, 0.09424495697021484, 0.0922134667634964, 0.08733303844928741, 0.08406785875558853, 0.0853496640920639, 0.08383214473724365, 0.0780632346868515, 0.07599253207445145, 0.08088583499193192, 0.08156362920999527, 0.08124177902936935, 0.07464022934436798, 0.07160494476556778, 0.0716688483953476, 0.07470004260540009, 0.07844819873571396, 0.07373405992984772, 0.06803643703460693, 0.0633540153503418, 0.06208733469247818, 0.06140664964914322, 0.060905084013938904, 0.06043349206447601, 0.05998962000012398, 0.05952668562531471, 0.05904607102274895, 0.05855631083250046, 0.05806756764650345, 0.05758453905582428, 0.05712370201945305, 0.0567166768014431, 0.05640198662877083, 0.056190721690654755, 0.05607731640338898, 0.05607832223176956, 0.05527307465672493, 0.05466457083821297, 0.0542181096971035, 0.053868576884269714, 0.05355997756123543, 0.05326962471008301, 0.05300113931298256, 0.05273667350411415, 0.05247850343585014, 0.05223052576184273, 0.051992855966091156, 0.051753874868154526, 0.05153046175837517, 0.05131354555487633, 0.051094699651002884, 0.05075463652610779, 0.05056144297122955, 0.05040285736322403, 0.050259560346603394, 0.05010981485247612, 0.04998180270195007, 0.04982674494385719, 0.04968263581395149, 0.049554143100976944, 0.04944080114364624, 0.04932422190904617, 0.049211740493774414, 0.04908807948231697, 0.049000587314367294, 0.048917751759290695, 0.048834722489118576, 0.048688773065805435, 0.04862428084015846, 0.048560794442892075, 0.048497993499040604, 0.048438169062137604, 0.048378512263298035, 0.04828478768467903, 0.04823978617787361, 0.04819968342781067, 0.048154592514038086, 0.04810259863734245, 0.04806762561202049, 0.04803606495261192, 0.04800626263022423],