{"loss": [4.602591037750244, 4.0348591804504395, 3.89497447013855, 3.875406265258789, 3.8389101028442383, 3.6427674293518066, 3.5638511180877686, 3.51116943359375, 3.487910747528076, 3.4715096950531006, 3.4563143253326416, 3.4361722469329834, 3.40181303024292, 3.355191230773926, 3.3453779220581055, 3.34112286567688, 3.338590145111084, 3.3365890979766846, 3.3348443508148193, 3.3329849243164062, 3.331355571746826, 3.3302512168884277, 3.3291215896606445, 3.328467607498169, 3.327888250350952, 3.3270063400268555, 3.326357126235962, 3.3263630867004395, 3.3261046409606934, 3.3256466388702393, 3.319366931915283, 3.3171112537384033, 3.3166091442108154, 3.3158304691314697, 3.315523624420166, 3.3120346069335938, 3.3121042251586914, 3.311746835708618, 3.3112542629241943, 3.31089186668396, 3.310615062713623, 3.31028151512146, 3.3099660873413086, 3.309705972671509, 3.30928635597229, 3.308526039123535, 3.3079047203063965, 3.3072285652160645, 3.306445360183716, 3.3059282302856445, 3.3052475452423096, 3.3046958446502686, 3.304262161254883, 3.303739309310913, 3.303260564804077, 3.3028857707977295, 3.302379608154297, 3.3020288944244385, 3.3016412258148193, 3.3013198375701904, 3.300600290298462, 3.3003344535827637, 3.2998976707458496, 3.2994232177734375, 3.299024820327759, 3.2984619140625, 3.2977845668792725, 3.2968356609344482, 3.2964353561401367, 3.2957534790039062, 3.2953615188598633, 3.2950432300567627, 3.2945826053619385, 3.2939565181732178, 3.293675184249878, 3.2934482097625732, 3.29308819770813, 3.2927932739257812, 3.292423963546753, 3.2921061515808105, 3.291557550430298, 3.2914552688598633, 3.29134202003479, 3.290945053100586, 3.290825366973877, 3.2875113487243652, 3.286327600479126, 3.285938262939453, 3.2856874465942383, 3.285581588745117, 3.2835631370544434, 3.283048391342163, 3.282810688018799, 3.282609224319458, 3.282482862472534, 3.281632900238037, 3.280989646911621, 3.280815362930298, 3.280658483505249, 3.280550718307495, 3.2804105281829834, 3.280290126800537, 3.2796051502227783, 3.278576135635376, 3.2784526348114014, 3.2783610820770264, 3.278259038925171, 3.2779340744018555, 3.2775163650512695, 3.2775018215179443, 3.277419090270996, 3.276577949523926, 3.2761120796203613], "mse": [0.008989435620605946, 0.00788058340549469, 0.007607372011989355, 0.007569152861833572, 0.00749787176027894, 0.007114780135452747, 0.006960646715015173, 0.006857752799987793, 0.006812325678765774, 0.006780292373150587, 0.006750613916665316, 0.006711273919790983, 0.006644166074693203, 0.006553108803927898, 0.006533941254019737, 0.006525630597025156, 0.006520683877170086, 0.006516775581985712, 0.006513367872685194, 0.006509736180305481, 0.00650655385106802, 0.006504396442323923, 0.006502190604805946, 0.006500913295894861, 0.006499782204627991, 0.006498059257864952, 0.006496791262179613, 0.006496803369373083, 0.006496298126876354, 0.006495403591543436, 0.0064831385388970375, 0.006478732917457819, 0.006477751769125462, 0.006476231385022402, 0.006475632078945637, 0.006468817591667175, 0.006468953564763069, 0.0064682550728321075, 0.006467293482273817, 0.006466585677117109, 0.006466045044362545, 0.0064653935842216015, 0.006464777514338493, 0.006464269477874041, 0.006463449914008379, 0.006461964920163155, 0.006460751406848431, 0.006459430325776339, 0.006457901559770107, 0.0064568910747766495, 0.006455561611801386, 0.006454483140259981, 0.006453637033700943, 0.006452616304159164, 0.006451680790632963, 0.006450948771089315, 0.006449960172176361, 0.006449275184422731, 0.006448518019169569, 0.006447890307754278, 0.006446484941989183, 0.006445965729653835, 0.0064451126381754875, 0.006444185972213745, 0.006443407852202654, 0.00644230842590332, 0.006440984550863504, 0.006439132150262594, 0.0064383503049612045, 0.006437018048018217, 0.0064362529665231705, 0.006435631308704615, 0.006434731651097536, 0.006433509755879641, 0.0064329588785767555, 0.006432516034692526, 0.006431812886148691, 0.0064312368631362915, 0.006430515553802252, 0.006429894827306271, 0.0064288233406841755, 0.006428624503314495, 0.006428402382880449, 0.006427627056837082, 0.006427393294870853, 0.0064209215342998505, 0.006418608594685793, 0.006417848635464907, 0.006417358294129372, 0.006417151540517807, 0.00641320925205946, 0.006412203889340162, 0.0064117396250367165, 0.006411346141248941, 0.006411099340766668, 0.006409439258277416, 0.00640818290412426, 0.006407842505723238, 0.006407537031918764, 0.006407325621694326, 0.0064070518128573895, 0.006406816653907299, 0.006405478809028864, 0.006403469014912844, 0.006403227802366018, 0.006403048522770405, 0.006402849685400724, 0.006402214989066124, 0.006401399150490761, 0.006401370279490948, 0.006401209160685539, 0.0063995663076639175, 0.006398656405508518], "val_loss": [4.216446399688721, 3.9172234535217285, 3.8780078887939453, 3.8740756511688232, 3.742764711380005, 3.587954521179199, 3.5098910331726074, 3.491103172302246, 3.4688832759857178, 3.4558792114257812, 3.4353184700012207, 3.4117140769958496, 3.3582286834716797, 3.3362741470336914, 3.33213210105896, 3.3297019004821777, 3.328372001647949, 3.326369047164917, 3.3251116275787354, 3.32285213470459, 3.321211814880371, 3.320098400115967, 3.3190977573394775, 3.3178582191467285, 3.317387104034424, 3.3165621757507324, 3.316714286804199, 3.316887617111206, 3.3162519931793213, 3.3158466815948486, 3.311053991317749, 3.310894250869751, 3.3100762367248535, 3.310482978820801, 3.3100931644439697, 3.3104407787323, 3.3106772899627686, 3.3103437423706055, 3.309967041015625, 3.309433698654175, 3.3085267543792725, 3.308485984802246, 3.308765172958374, 3.3088748455047607, 3.3070406913757324, 3.3069653511047363, 3.306023120880127, 3.3053719997406006, 3.305332660675049, 3.3037912845611572, 3.3032028675079346, 3.302438974380493, 3.30210280418396, 3.3017351627349854, 3.3008341789245605, 3.3001527786254883, 3.29929780960083, 3.2989094257354736, 3.2982420921325684, 3.2985684871673584, 3.2971975803375244, 3.2968547344207764, 3.295888900756836, 3.295517921447754, 3.2948975563049316, 3.2941529750823975, 3.294191598892212, 3.293663740158081, 3.2933197021484375, 3.2921736240386963, 3.2916107177734375, 3.2912137508392334, 3.290544271469116, 3.2899467945098877, 3.289766550064087, 3.28979229927063, 3.2889957427978516, 3.2890422344207764, 3.2884254455566406, 3.288208484649658, 3.2876996994018555, 3.2876548767089844, 3.287370443344116, 3.286726236343384, 3.2870776653289795, 3.2854559421539307, 3.285583734512329, 3.285062789916992, 3.284878969192505, 3.2847647666931152, 3.2830734252929688, 3.282623291015625, 3.282632350921631, 3.2826414108276367, 3.2823355197906494, 3.2822272777557373, 3.28224515914917, 3.2819366455078125, 3.2819204330444336, 3.2817625999450684, 3.281651735305786, 3.281604766845703, 3.278885841369629, 3.2787749767303467, 3.278726100921631, 3.278717517852783, 3.278738260269165, 3.2784366607666016, 3.278486967086792, 3.278449773788452, 3.278425931930542, 3.2788703441619873, 3.2786033153533936],