{"loss": [4.5479888916015625, 3.9280753135681152, 3.909153699874878, 3.8434252738952637, 3.6300909519195557, 3.562748432159424, 3.544630289077759, 3.5265417098999023, 3.5110042095184326, 3.4976909160614014, 3.478039264678955, 3.4489877223968506, 3.4286067485809326, 3.4158456325531006, 3.4092698097229004, 3.4023520946502686, 3.3966622352600098, 3.3920483589172363, 3.3834331035614014, 3.3732917308807373, 3.359480142593384, 3.345409393310547, 3.3352301120758057, 3.3284730911254883, 3.32369327545166, 3.3214263916015625, 3.3182766437530518, 3.316070318222046, 3.314765214920044, 3.3130311965942383, 3.3116331100463867, 3.3112692832946777, 3.3106229305267334, 3.3098459243774414, 3.3092000484466553, 3.3089332580566406, 3.309091567993164, 3.296844482421875, 3.295405149459839, 3.2950527667999268, 3.2948739528656006, 3.2945542335510254, 3.290496826171875, 3.2895419597625732, 3.289365530014038, 3.2890913486480713, 3.2848665714263916, 3.2840723991394043, 3.2839205265045166, 3.283818006515503, 3.2835614681243896, 3.283444881439209, 3.2833337783813477, 3.28328537940979, 3.2832987308502197, 3.2805678844451904, 3.279392719268799, 3.2792439460754395, 3.2791264057159424, 3.2789628505706787, 3.2787392139434814, 3.278714179992676, 3.2786405086517334, 3.2769904136657715, 3.276102066040039, 3.275999069213867, 3.2759430408477783, 3.2758500576019287, 3.2749998569488525, 3.273932695388794, 3.2738287448883057, 3.27376389503479, 3.272165298461914, 3.271167755126953, 3.2710676193237305, 3.271021604537964, 3.270944595336914, 3.269810914993286, 3.2695136070251465, 3.2694427967071533, 3.2694039344787598, 3.2693698406219482, 3.2685887813568115, 3.2682855129241943, 3.268266439437866, 3.2682149410247803, 3.268216133117676, 3.2675974369049072, 3.2674062252044678, 3.2673704624176025, 3.267355442047119, 3.2673351764678955, 3.2673017978668213, 3.2668521404266357, 3.2667062282562256, 3.2666733264923096, 3.2666380405426025, 3.266300678253174, 3.266167640686035, 3.266145944595337, 3.2661406993865967, 3.265838623046875, 3.265739917755127, 3.2657270431518555], "mse": [0.008882790803909302, 0.007672022096812725, 0.007635065820068121, 0.007506689988076687, 0.0070900204591453075, 0.006958493031561375, 0.006923106033354998, 0.006887776777148247, 0.006857430096715689, 0.006831428036093712, 0.006793044973164797, 0.006736304145306349, 0.006696497555822134, 0.006671573966741562, 0.00665873009711504, 0.0066452184692025185, 0.006634105928242207, 0.006625094451010227, 0.006608267780393362, 0.006588459946215153, 0.006561484653502703, 0.006534002721309662, 0.006514121312648058, 0.006500923540443182, 0.006491588428616524, 0.006487160921096802, 0.006481009069830179, 0.006476699374616146, 0.006474150810390711, 0.006470764521509409, 0.006468033418059349, 0.0064673228189349174, 0.0064660608768463135, 0.006464542355388403, 0.006463280878961086, 0.006462760269641876, 0.0064630694687366486, 0.006439149379730225, 0.006436338182538748, 0.00643564946949482, 0.006435300689190626, 0.0064346762374043465, 0.006426751613616943, 0.0064248875714838505, 0.0064245425164699554, 0.006424006540328264, 0.006415755487978458, 0.006414203904569149, 0.006413907278329134, 0.006413707509636879, 0.0064132059924304485, 0.006412978284060955, 0.006412760820239782, 0.006412666756659746, 0.006412692833691835, 0.0064073591493070126, 0.006405063904821873, 0.006404773332178593, 0.00640454376116395, 0.006404224317520857, 0.006403787527233362, 0.006403738632798195, 0.006403594743460417, 0.00640037190169096, 0.006398636847734451, 0.006398435682058334, 0.00639832578599453, 0.006398144643753767, 0.006396484095603228, 0.006394399795681238, 0.006394196767359972, 0.006394070107489824, 0.006390947848558426, 0.00638899952173233, 0.006388803943991661, 0.006388714537024498, 0.00638856366276741, 0.006386349443346262, 0.006385768298059702, 0.006385630462318659, 0.006385554559528828, 0.006385487969964743, 0.0063839624635875225, 0.006383370142430067, 0.0063833328895270824, 0.006383232772350311, 0.0063832346349954605, 0.006382026243954897, 0.006381652317941189, 0.006381582003086805, 0.006381554063409567, 0.006381513550877571, 0.006381448823958635, 0.006380570586770773, 0.006380285136401653, 0.006380221340805292, 0.006380152888596058, 0.00637949351221323, 0.006379232741892338, 0.006379191298037767, 0.006379181053489447, 0.006378591060638428, 0.006378398276865482, 0.006378373131155968], "val_loss": [3.9519991874694824, 3.912627696990967, 3.8978307247161865, 3.6989877223968506, 3.5827107429504395, 3.561446189880371, 3.5424158573150635, 3.525198459625244, 3.496612548828125, 3.483837842941284, 3.4603042602539062, 3.4305148124694824, 3.4194459915161133, 3.4056012630462646, 3.398801565170288, 3.3904387950897217, 3.391131639480591, 3.3828020095825195, 3.375706195831299, 3.3626322746276855, 3.3434958457946777, 3.3304240703582764, 3.326094388961792, 3.319472312927246, 3.3148353099823, 3.310070514678955, 3.3060708045959473, 3.3033204078674316, 3.300877332687378, 3.2983243465423584, 3.2955915927886963, 3.2942097187042236, 3.2930185794830322, 3.292895555496216, 3.2925479412078857, 3.292131185531616, 3.2928502559661865, 3.2819204330444336, 3.2815165519714355, 3.281388521194458, 3.281829833984375, 3.2811100482940674, 3.2821178436279297, 3.2815606594085693, 3.2812752723693848, 3.2812881469726562, 3.279756546020508, 3.2795348167419434, 3.279359817504883, 3.278954029083252, 3.2787318229675293, 3.278629779815674, 3.2785122394561768, 3.278477907180786, 3.278313159942627, 3.2738542556762695, 3.273016929626465, 3.273117780685425, 3.272834539413452, 3.272613763809204, 3.2725462913513184, 3.272066831588745, 3.2720108032226562, 3.2692084312438965, 3.2692153453826904, 3.269103527069092, 3.2690818309783936, 3.269010305404663, 3.269044876098633, 3.2689151763916016, 3.2687594890594482, 3.2685632705688477, 3.2678465843200684, 3.267789602279663, 3.267704963684082, 3.2676029205322266, 3.2676165103912354, 3.2667195796966553, 3.266688585281372, 3.2665722370147705, 3.2665274143218994, 3.266495704650879, 3.265531539916992, 3.2654335498809814, 3.2654531002044678, 3.26546311378479, 3.2654664516448975, 3.2645423412323, 3.2644503116607666, 3.2644407749176025, 3.2644405364990234, 3.2644248008728027, 3.2644007205963135, 3.263899326324463, 3.2638747692108154, 3.2638659477233887, 3.2638416290283203, 3.263655424118042, 3.263618230819702, 3.263639211654663, 3.263615846633911, 3.2635514736175537, 3.2635433673858643, 3.2635397911071777],