{"loss": [4.601737976074219, 4.0254740715026855, 4.001505374908447, 3.99717378616333, 3.995293378829956, 3.994934558868408, 3.9946749210357666, 3.994783639907837, 3.9950947761535645, 3.9921553134918213, 3.991795063018799, 3.9918463230133057, 3.9916067123413086, 3.989691734313965, 3.9892446994781494], "mse": [0.008987769484519958, 0.007862254045903683, 0.007815440185368061, 0.007806980051100254, 0.007803307380527258, 0.00780260656028986, 0.007802099455147982, 0.007802311796694994, 0.007802919484674931, 0.0077971783466637135, 0.007796474266797304, 0.007796574383974075, 0.007796106860041618, 0.00779236713424325, 0.007791493553668261], "val_loss": [4.084471225738525, 4.001710414886475, 3.987277030944824, 3.9861598014831543, 3.9842190742492676, 3.983981132507324, 3.9845340251922607, 3.9842052459716797, 3.9853899478912354, 3.984398365020752, 3.9846913814544678, 3.9850399494171143, 3.9846770763397217, 3.9850094318389893, 3.985016345977783], "val_mse": [0.007977482862770557, 0.007815840654075146, 0.00778765045106411, 0.007785468362271786, 0.007781677879393101, 0.007781213149428368, 0.007782293017953634, 0.007781650871038437, 0.007783964741975069, 0.007782028056681156, 0.007782600354403257, 0.007783281151205301, 0.007782571949064732, 0.007783221546560526, 0.007783235050737858], "learning_rate": [0.10000000149011612, 0.10000000149011612, 0.10000000149011612, 0.10000000149011612, 0.10000000149011612, 0.10000000149011612, 0.10000000149011612, 0.10000000149011612, 0.10000000149011612, 0.07500000298023224, 0.07500000298023224, 0.07500000298023224, 0.07500000298023224, 0.05625000223517418, 0.05625000223517418]}