{"loss": [7.549759864807129, 4.487280368804932, 4.476938724517822, 4.475564002990723, 4.4746198654174805, 4.473869323730469, 4.473282814025879, 4.472801208496094, 4.472412109375, 4.472090244293213, 4.47182559967041, 4.471610069274902, 4.427916049957275, 4.3945231437683105, 4.393949508666992, 4.393855094909668, 4.393770217895508, 4.3936944007873535, 4.357902526855469, 4.34984016418457, 4.34968376159668, 4.349621772766113, 4.349571704864502, 4.32077169418335, 4.309637546539307, 4.309734344482422, 4.309690952301025, 4.309659957885742, 4.292935371398926, 4.28848123550415, 4.288555145263672, 4.288525581359863, 4.288503170013428, 4.277415752410889, 4.273677825927734, 4.273737907409668, 4.273719310760498, 4.273702144622803, 4.2635321617126465, 4.259142875671387, 4.259110450744629, 4.259097099304199, 4.259084701538086, 4.251770496368408, 4.249766826629639, 4.249802112579346, 4.249792098999023, 4.249786376953125, 4.244709491729736, 4.2425923347473145, 4.242556095123291, 4.242549419403076, 4.242542743682861, 4.238146781921387, 4.236216068267822, 4.236202239990234, 4.236199855804443, 4.236196517944336, 4.233016014099121, 4.2318434715271, 4.231828689575195, 4.231823444366455, 4.231820583343506, 4.229706764221191, 4.228635787963867, 4.228618144989014, 4.228609561920166, 4.22860860824585, 4.227006912231445, 4.225849628448486, 4.225829124450684, 4.225824356079102, 4.2258219718933105, 4.224400043487549, 4.223382472991943, 4.223364353179932, 4.223360538482666, 4.223358631134033, 4.22208309173584, 4.2213897705078125, 4.221370697021484, 4.2213664054870605, 4.220285892486572, 4.219898223876953, 4.21986722946167, 4.219859600067139, 4.219857692718506, 4.2189860343933105, 4.218800067901611, 4.218762397766113, 4.218754768371582, 4.2180657386779785, 4.217991352081299, 4.217956066131592, 4.217947483062744, 4.217411994934082, 4.217389106750488, 4.217363357543945], "mse": [0.014745624735951424, 0.008764219470322132, 0.008744021877646446, 0.008741335943341255, 0.008739490993320942, 0.008738026022911072, 0.00873688142746687, 0.008735939860343933, 0.008735179901123047, 0.008734551258385181, 0.00873403437435627, 0.008733613416552544, 0.008648273535072803, 0.008583053015172482, 0.008581933565437794, 0.008581748232245445, 0.008581582456827164, 0.0085814343765378, 0.008511528372764587, 0.008495780639350414, 0.008495476096868515, 0.008495355024933815, 0.00849525723606348, 0.008439007215201855, 0.008417260833084583, 0.00841744989156723, 0.008417366072535515, 0.00841730460524559, 0.008384639397263527, 0.008375940844416618, 0.008376084268093109, 0.008376026526093483, 0.008375982753932476, 0.008354328572750092, 0.008347027003765106, 0.008347144350409508, 0.008347107097506523, 0.008347074501216412, 0.008327211253345013, 0.008318638429045677, 0.008318574167788029, 0.008318549022078514, 0.008318524807691574, 0.008304238319396973, 0.008300325833261013, 0.008300394751131535, 0.008300375193357468, 0.008300364017486572, 0.008290448226034641, 0.008286313153803349, 0.008286242373287678, 0.008286230266094208, 0.008286216296255589, 0.008277630433440208, 0.00827385950833559, 0.008273832499980927, 0.008273828774690628, 0.008273821324110031, 0.008267609402537346, 0.008265320211648941, 0.008265290409326553, 0.008265280164778233, 0.008265274576842785, 0.00826114509254694, 0.008259054273366928, 0.008259019814431667, 0.008259003050625324, 0.008259001187980175, 0.008255872875452042, 0.00825361255556345, 0.008253572508692741, 0.008253563195466995, 0.008253557607531548, 0.008250781334936619, 0.00824879389256239, 0.008248758502304554, 0.008248751051723957, 0.008248747326433659, 0.008246256969869137, 0.008244901895523071, 0.008244864642620087, 0.008244856260716915, 0.008242745883762836, 0.008241988718509674, 0.008241928182542324, 0.008241914212703705, 0.008241909556090832, 0.008240207098424435, 0.00823984295129776, 0.00823977030813694, 0.008239755406975746, 0.008238409645855427, 0.008238264359533787, 0.008238195441663265, 0.008238178677856922, 0.008237131871283054, 0.008237088099122047, 0.008237037807703018], "val_loss": [4.508039951324463, 4.456848621368408, 4.455133438110352, 4.454202175140381, 4.453527927398682, 4.4529595375061035, 4.452543258666992, 4.452202320098877, 4.451916694641113, 4.451674461364746, 4.451501846313477, 4.4513750076293945, 4.399648666381836, 4.394301414489746, 4.394171237945557, 4.394142150878906, 4.394117832183838, 4.394097805023193, 4.3391828536987305, 4.3392510414123535, 4.339145660400391, 4.339115142822266, 4.339088439941406, 4.3120036125183105, 4.3119096755981445, 4.3119282722473145, 4.3119096755981445, 4.311898708343506, 4.296822547912598, 4.297359466552734, 4.297345161437988, 4.297357082366943, 4.297359466552734, 4.284721374511719, 4.284511089324951, 4.284526348114014, 4.284548759460449, 4.284547328948975, 4.268433570861816, 4.268425941467285, 4.268468856811523, 4.268462181091309, 4.268470287322998, 4.256524562835693, 4.256836414337158, 4.25684928894043, 4.256864070892334, 4.256859302520752, 4.248531341552734, 4.248345851898193, 4.248351097106934, 4.248356819152832, 4.248363494873047, 4.244003772735596, 4.244050979614258, 4.244054317474365, 4.244052410125732, 4.244050979614258, 4.24118709564209, 4.241149425506592, 4.241151809692383, 4.241153717041016, 4.241157531738281, 4.237971305847168, 4.237888336181641, 4.237887382507324, 4.237889766693115, 4.237887859344482, 4.235107898712158, 4.235092639923096, 4.2350921630859375, 4.235090732574463, 4.235090255737305, 4.233332633972168, 4.233353614807129, 4.233349800109863, 4.233349800109863, 4.233347415924072, 4.232447147369385, 4.2324299812316895, 4.23242712020874, 4.232429027557373, 4.2320332527160645, 4.231966972351074, 4.231960773468018, 4.231961250305176, 4.231961250305176, 4.2318315505981445, 4.231746673583984, 4.231730937957764, 4.231724739074707, 4.231715679168701, 4.231637954711914, 4.2316155433654785, 4.231609344482422, 4.231644630432129, 4.231586456298828, 4.231563568115234],