{"loss": [21.840320587158203, 14.336894035339355, 14.294588088989258, 14.290121078491211, 14.287298202514648, 14.285106658935547, 14.283312797546387, 14.281811714172363, 14.280561447143555, 14.279504776000977, 14.278611183166504, 14.277838706970215, 14.277144432067871, 14.276552200317383, 14.276022911071777, 14.275555610656738, 14.275120735168457, 14.274726867675781, 14.274377822875977, 13.972945213317871, 13.852970123291016, 13.847535133361816, 13.847234725952148, 13.846896171569824, 13.846592903137207, 13.626376152038574, 13.573287963867188, 13.574048042297363, 13.573707580566406, 13.573413848876953, 13.408646583557129, 13.317378997802734, 13.318517684936523, 13.318244934082031, 13.318093299865723, 13.231109619140625, 13.221626281738281, 13.222077369689941, 13.221919059753418, 13.221796989440918, 13.155506134033203, 13.105001449584961, 13.104449272155762, 13.1043062210083, 13.104208946228027, 13.104133605957031, 13.045933723449707, 13.022382736206055, 13.022640228271484, 13.022554397583008, 13.022503852844238, 12.987401962280273, 12.972624778747559, 12.972077369689941, 12.971988677978516, 12.971941947937012, 12.938796043395996, 12.918072700500488, 12.918086051940918, 12.918039321899414, 12.91800308227539, 12.89144515991211, 12.881382942199707, 12.8812894821167, 12.881243705749512, 12.881216049194336, 12.864396095275879, 12.860514640808105, 12.86029052734375, 12.860245704650879, 12.860221862792969, 12.84913444519043, 12.845122337341309, 12.845026016235352, 12.844982147216797, 12.844959259033203, 12.835725784301758, 12.829802513122559, 12.829622268676758, 12.829586029052734, 12.829567909240723, 12.820893287658691, 12.81507396697998, 12.815041542053223, 12.815019607543945, 12.81500244140625, 12.807266235351562, 12.803245544433594, 12.80322265625, 12.803192138671875, 12.803175926208496, 12.796724319458008, 12.794512748718262, 12.794343948364258, 12.794319152832031, 12.794305801391602, 12.789143562316895, 12.788107872009277, 12.787867546081543, 12.787829399108887, 12.78377914428711, 12.783381462097168], "mse": [0.010664219968020916, 0.007000436540693045, 0.006979779340326786, 0.006977598182857037, 0.006976219825446606, 0.0069751497358083725, 0.006974273826926947, 0.006973540876060724, 0.006972930859774351, 0.006972414441406727, 0.0069719781167805195, 0.0069716009311378, 0.00697126192972064, 0.006970972754061222, 0.006970714312046766, 0.0069704861380159855, 0.006970273796468973, 0.006970081478357315, 0.00696991104632616, 0.006822727154940367, 0.006764145568013191, 0.006761491298675537, 0.0067613450810313225, 0.006761179771274328, 0.006761031690984964, 0.006653503980487585, 0.006627582013607025, 0.006627952679991722, 0.0066277869045734406, 0.00662764348089695, 0.006547190714627504, 0.006502625998109579, 0.006503182463347912, 0.006503049284219742, 0.006502974312752485, 0.006460502743721008, 0.00645587220788002, 0.006456092465668917, 0.006456016097217798, 0.006455955561250448, 0.006423586513847113, 0.006398926489055157, 0.0063986568711698055, 0.006398586556315422, 0.006398539524525404, 0.006398503202944994, 0.006370084825903177, 0.006358585320413113, 0.006358711048960686, 0.006358669139444828, 0.006358644459396601, 0.006341504864394665, 0.006334289442747831, 0.006334022153168917, 0.006333978846669197, 0.006333956029266119, 0.006317771505564451, 0.006307652685791254, 0.006307659205049276, 0.006307636387646198, 0.006307618692517281, 0.006294650956988335, 0.006289737764745951, 0.0062896921299397945, 0.006289669778198004, 0.006289656274020672, 0.006281443405896425, 0.006279548164457083, 0.006279438734054565, 0.006279416847974062, 0.006279405206441879, 0.0062739914283156395, 0.006272032391279936, 0.006271985359489918, 0.006271963939070702, 0.006271952297538519, 0.006267444230616093, 0.006264552008360624, 0.006264463998377323, 0.0062644463032484055, 0.006264437455683947, 0.006260201800614595, 0.006257360801100731, 0.006257344502955675, 0.006257333792746067, 0.00625732634216547, 0.006253547966480255, 0.006251584738492966, 0.00625157356262207, 0.0062515586614608765, 0.006251550745218992, 0.006248400080949068, 0.006247320678085089, 0.006247238256037235, 0.006247226148843765, 0.006247219629585743, 0.006244699005037546, 0.00624419329687953, 0.006244075950235128, 0.006244057323783636, 0.006242079194635153, 0.006241886410862207], "val_loss": [14.566136360168457, 14.351895332336426, 14.347405433654785, 14.345107078552246, 14.343353271484375, 14.341950416564941, 14.34079360961914, 14.339850425720215, 14.339137077331543, 14.338517189025879, 14.338132858276367, 14.337733268737793, 14.337420463562012, 14.337162017822266, 14.336983680725098, 14.336816787719727, 14.336695671081543, 14.336565971374512, 14.336544036865234, 14.003650665283203, 13.985005378723145, 13.986505508422852, 13.986494064331055, 13.986464500427246, 13.986462593078613, 13.684574127197266, 13.685369491577148, 13.685099601745605, 13.684751510620117, 13.684542655944824, 13.425262451171875, 13.429349899291992, 13.429170608520508, 13.429095268249512, 13.429072380065918, 13.335317611694336, 13.337783813476562, 13.33770751953125, 13.337681770324707, 13.337677955627441, 13.192633628845215, 13.188071250915527, 13.188088417053223, 13.188106536865234, 13.188135147094727, 13.188155174255371, 13.110203742980957, 13.11260986328125, 13.112700462341309, 13.1127290725708, 13.112762451171875, 13.060182571411133, 13.059507369995117, 13.059420585632324, 13.05939769744873, 13.059381484985352, 13.012958526611328, 13.012202262878418, 13.012228012084961, 13.012229919433594, 13.012239456176758, 12.982199668884277, 12.982029914855957, 12.982041358947754, 12.982048988342285, 12.982051849365234, 12.960514068603516, 12.960556983947754, 12.960596084594727, 12.960616111755371, 12.960619926452637, 12.941218376159668, 12.940990447998047, 12.94097900390625, 12.94098949432373, 12.940997123718262, 12.925475120544434, 12.925365447998047, 12.925361633300781, 12.925360679626465, 12.925366401672363, 12.9161958694458, 12.916451454162598, 12.916470527648926, 12.916473388671875, 12.91646671295166, 12.912392616271973, 12.912543296813965, 12.912565231323242, 12.912572860717773, 12.912569046020508, 12.911251068115234, 12.91116714477539, 12.911211013793945, 12.91122055053711, 12.911226272583008, 12.91108226776123, 12.910898208618164, 12.91092586517334, 12.910944938659668, 12.911188125610352, 12.911043167114258],