{"loss": [13.292762756347656, 11.857076644897461, 11.55820369720459, 11.472152709960938, 11.445049285888672, 11.43673324584961, 11.432144165039062, 11.4290189743042, 11.426758766174316, 11.430903434753418, 11.429471015930176, 11.428454399108887, 11.403827667236328, 11.400014877319336, 11.398664474487305, 11.398200035095215, 11.398710250854492, 11.377226829528809, 11.368099212646484, 11.369166374206543, 11.369762420654297, 11.37159252166748, 11.355840682983398, 11.357017517089844, 11.357773780822754, 11.358262062072754, 11.357723236083984, 11.342870712280273, 11.336791038513184, 11.337068557739258, 11.336763381958008, 11.33729362487793, 11.338061332702637, 11.338973045349121, 11.32705307006836, 11.320796966552734, 11.320992469787598, 11.320883750915527, 11.321013450622559, 11.32103157043457, 11.321035385131836, 11.320977210998535, 11.320723533630371, 11.320761680603027, 11.320504188537598, 11.320755004882812, 11.320761680603027, 11.320358276367188, 11.311408996582031, 11.308988571166992, 11.308833122253418, 11.308755874633789, 11.308786392211914, 11.308679580688477, 11.30317211151123, 11.302183151245117, 11.301952362060547, 11.301856994628906, 11.3016996383667, 11.29870891571045, 11.298135757446289, 11.298213958740234, 11.298131942749023, 11.297966003417969, 11.294707298278809, 11.293725967407227, 11.293590545654297, 11.293532371520996, 11.293450355529785, 11.291787147521973, 11.291211128234863, 11.291157722473145, 11.291086196899414, 11.290980339050293, 11.289372444152832, 11.288348197937012, 11.288284301757812, 11.288217544555664, 11.28817081451416, 11.286723136901855, 11.28645133972168, 11.286393165588379, 11.28630542755127, 11.286259651184082, 11.285472869873047, 11.285185813903809, 11.285116195678711, 11.285058975219727, 11.285018920898438, 11.284491539001465, 11.2840576171875, 11.28400707244873, 11.283989906311035, 11.28353214263916, 11.283196449279785, 11.283181190490723, 11.283156394958496, 11.28271770477295, 11.282407760620117, 11.282374382019043], "mse": [0.006490606814622879, 0.005789589136838913, 0.005643654149025679, 0.005601636599749327, 0.005588402971625328, 0.005584342405200005, 0.00558210164308548, 0.005580575205385685, 0.005579472053796053, 0.005581495817750692, 0.005580796394497156, 0.005580299999564886, 0.005568275228142738, 0.005566413979977369, 0.005565754137933254, 0.005565526895225048, 0.005565776489675045, 0.005555286537855864, 0.005550829693675041, 0.0055513507686555386, 0.005551641806960106, 0.0055525354109704494, 0.0055448440834879875, 0.005545418243855238, 0.00554578797891736, 0.005546026397496462, 0.005545763298869133, 0.005538511089980602, 0.005535541567951441, 0.005535678938031197, 0.0055355289950966835, 0.005535786971449852, 0.005536162760108709, 0.0055366079322993755, 0.005530787166208029, 0.005527732893824577, 0.005527827423065901, 0.00552777573466301, 0.005527838598936796, 0.005527847446501255, 0.005527849309146404, 0.0055278209038078785, 0.005527697037905455, 0.005527715664356947, 0.005527589935809374, 0.005527712870389223, 0.005527716130018234, 0.005527518689632416, 0.00552314892411232, 0.005521966610103846, 0.005521891172975302, 0.0055218529887497425, 0.005521867889910936, 0.005521816201508045, 0.005519127007573843, 0.0055186450481414795, 0.005518531426787376, 0.005518484860658646, 0.00551840802654624, 0.005516947712749243, 0.005516667850315571, 0.00551670603454113, 0.005516665987670422, 0.00551658496260643, 0.0055149937979876995, 0.00551451463252306, 0.005514448508620262, 0.005514420103281736, 0.005514380056411028, 0.005513567943125963, 0.005513286683708429, 0.00551326060667634, 0.005513225682079792, 0.005513173993676901, 0.005512389820069075, 0.0055118887685239315, 0.005511857569217682, 0.00551182497292757, 0.005511802155524492, 0.005511095281690359, 0.005510962568223476, 0.005510933231562376, 0.005510891787707806, 0.0055108689703047276, 0.005510484799742699, 0.005510344635695219, 0.005510310642421246, 0.005510282702744007, 0.0055102636106312275, 0.005510005634278059, 0.005509793758392334, 0.005509769078344107, 0.005509760230779648, 0.005509537644684315, 0.005509373266249895, 0.0055093662813305855, 0.005509353708475828, 0.005509139504283667, 0.005508988164365292, 0.005508971866220236], "val_loss": [11.94201946258545, 11.595311164855957, 11.428956985473633, 11.395770072937012, 11.3722505569458, 11.366094589233398, 11.362312316894531, 11.35477352142334, 11.355425834655762, 11.359329223632812, 11.36077880859375, 11.367853164672852, 11.320928573608398, 11.32352352142334, 11.32625961303711, 11.327764511108398, 11.332405090332031, 11.285263061523438, 11.290050506591797, 11.290067672729492, 11.299057006835938, 11.297958374023438, 11.277460098266602, 11.280010223388672, 11.281309127807617, 11.280305862426758, 11.27834701538086, 11.26402473449707, 11.262519836425781, 11.261280059814453, 11.261361122131348, 11.262295722961426, 11.262786865234375, 11.263341903686523, 11.2553129196167, 11.254600524902344, 11.253702163696289, 11.253222465515137, 11.252748489379883, 11.252002716064453, 11.251005172729492, 11.25188159942627, 11.251485824584961, 11.250017166137695, 11.251620292663574, 11.250737190246582, 11.250450134277344, 11.250432014465332, 11.249216079711914, 11.248867988586426, 11.248908996582031, 11.248558044433594, 11.248214721679688, 11.248025894165039, 11.243631362915039, 11.24363899230957, 11.243762969970703, 11.24352741241455, 11.243578910827637, 11.238805770874023, 11.238273620605469, 11.237979888916016, 11.238094329833984, 11.238171577453613, 11.23631763458252, 11.23651123046875, 11.236536026000977, 11.236586570739746, 11.236621856689453, 11.234030723571777, 11.23420524597168, 11.23425006866455, 11.234166145324707, 11.234156608581543, 11.230050086975098, 11.230046272277832, 11.230037689208984, 11.230026245117188, 11.22998332977295, 11.227831840515137, 11.227755546569824, 11.227653503417969, 11.227629661560059, 11.227606773376465, 11.226306915283203, 11.226269721984863, 11.226238250732422, 11.226204872131348, 11.226245880126953, 11.225727081298828, 11.225720405578613, 11.225621223449707, 11.225629806518555, 11.225975036621094, 11.2259521484375, 11.22593879699707, 11.225926399230957, 11.226632118225098, 11.226616859436035, 11.226495742797852],