{"loss": [14.945475578308105, 13.007257461547852, 13.003992080688477, 13.003316879272461, 13.00277042388916, 13.00234603881836, 13.002019882202148, 13.001762390136719, 13.001565933227539, 13.001408576965332, 13.001294136047363, 12.977754592895508, 12.953619003295898, 12.952614784240723, 12.95262622833252, 12.952589988708496, 12.952555656433105, 12.920083999633789, 12.92110538482666, 12.921323776245117, 12.921305656433105, 12.896471977233887, 12.882226943969727, 12.882630348205566, 12.882593154907227, 12.882582664489746, 12.872777938842773, 12.872797012329102, 12.87297248840332, 12.872967720031738, 12.872958183288574, 12.866607666015625, 12.859009742736816, 12.858721733093262, 12.858704566955566, 12.85869312286377, 12.858688354492188, 12.85229778289795, 12.847421646118164, 12.847616195678711, 12.847606658935547, 12.847600936889648, 12.844013214111328, 12.841116905212402, 12.841072082519531, 12.841062545776367, 12.841055870056152, 12.837766647338867, 12.833927154541016, 12.833931922912598, 12.833932876586914, 12.833929061889648, 12.831306457519531, 12.828981399536133, 12.828957557678223, 12.828949928283691, 12.828948974609375, 12.827119827270508, 12.825675010681152, 12.825629234313965, 12.8256254196167, 12.82420825958252, 12.8230562210083, 12.823043823242188, 12.823038101196289, 12.823031425476074, 12.82170295715332, 12.820631980895996, 12.820612907409668, 12.820609092712402, 12.82060718536377, 12.819306373596191, 12.818463325500488, 12.818462371826172, 12.818460464477539, 12.818458557128906, 12.817305564880371, 12.816777229309082, 12.81677532196045, 12.816771507263184, 12.81676959991455, 12.815818786621094, 12.815540313720703, 12.815521240234375, 12.815513610839844, 12.814762115478516, 12.814630508422852, 12.814603805541992, 12.81459903717041, 12.814595222473145, 12.814014434814453, 12.813956260681152, 12.81393814086914, 12.813925743103027, 12.813481330871582, 12.813461303710938, 12.813445091247559, 12.813438415527344, 12.813096046447754, 12.813092231750488, 12.813080787658691], "mse": [0.007297595031559467, 0.006351199932396412, 0.00634960550814867, 0.006349276751279831, 0.006349008996039629, 0.006348801776766777, 0.006348642520606518, 0.006348516792058945, 0.006348420865833759, 0.006348343566060066, 0.006348288152366877, 0.006336792837828398, 0.006325009278953075, 0.00632451893761754, 0.006324524991214275, 0.006324505899101496, 0.006324490532279015, 0.006308634765446186, 0.006309133488684893, 0.006309240125119686, 0.006309231277555227, 0.006297105457633734, 0.006290149874985218, 0.006290346849709749, 0.006290328688919544, 0.006290323566645384, 0.006285536102950573, 0.006285545416176319, 0.006285631097853184, 0.006285628769546747, 0.006285624112933874, 0.006282523740082979, 0.006278813350945711, 0.006278672721236944, 0.006278664339333773, 0.006278658751398325, 0.006278655957430601, 0.006275536026805639, 0.006273155100643635, 0.006273250095546246, 0.0062732454389333725, 0.006273242644965649, 0.00627149036154151, 0.006270076613873243, 0.00627005472779274, 0.006270050071179867, 0.006270046345889568, 0.006268440745770931, 0.00626656599342823, 0.006266568321734667, 0.0062665678560733795, 0.006266566459089518, 0.006265286356210709, 0.006264151073992252, 0.00626413943246007, 0.006264135707169771, 0.006264135241508484, 0.006263242103159428, 0.006262536626309156, 0.006262514274567366, 0.006262512411922216, 0.006261820904910564, 0.006261257920414209, 0.006261251866817474, 0.0062612490728497505, 0.006261245813220739, 0.006260596681386232, 0.006260074209421873, 0.006260063964873552, 0.006260063033550978, 0.006260062102228403, 0.006259426940232515, 0.006259015295654535, 0.006259014829993248, 0.006259013898670673, 0.006259012967348099, 0.006258449517190456, 0.006258192006498575, 0.006258190609514713, 0.006258189212530851, 0.006258188281208277, 0.006257724016904831, 0.006257588043808937, 0.006257578730583191, 0.0062575750052928925, 0.006257208064198494, 0.0062571438029408455, 0.006257130764424801, 0.006257127970457077, 0.006257126573473215, 0.006256842985749245, 0.006256814580410719, 0.00625680573284626, 0.006256800144910812, 0.006256582215428352, 0.006256572902202606, 0.006256564985960722, 0.006256561726331711, 0.006256395019590855, 0.006256392691284418, 0.00625638710334897], "val_loss": [12.96193790435791, 12.937472343444824, 12.936896324157715, 12.936305046081543, 12.935843467712402, 12.935487747192383, 12.935214042663574, 12.9350004196167, 12.934833526611328, 12.934723854064941, 12.934633255004883, 12.886338233947754, 12.882829666137695, 12.882800102233887, 12.882777214050293, 12.882729530334473, 12.882711410522461, 12.887907981872559, 12.889020919799805, 12.888989448547363, 12.888969421386719, 12.84527587890625, 12.846141815185547, 12.846121788024902, 12.846123695373535, 12.846123695373535, 12.842911720275879, 12.844109535217285, 12.844164848327637, 12.844172477722168, 12.844176292419434, 12.825304985046387, 12.823933601379395, 12.823966979980469, 12.82396125793457, 12.823960304260254, 12.82396411895752, 12.812739372253418, 12.813044548034668, 12.813096046447754, 12.81309986114502, 12.813100814819336, 12.804170608520508, 12.804076194763184, 12.804059028625488, 12.804064750671387, 12.804064750671387, 12.79749870300293, 12.797761917114258, 12.797781944274902, 12.797795295715332, 12.797796249389648, 12.795503616333008, 12.795710563659668, 12.795710563659668, 12.795713424682617, 12.79571533203125, 12.794670104980469, 12.794527053833008, 12.79454517364502, 12.794549942016602, 12.793122291564941, 12.793018341064453, 12.793059349060059, 12.793066024780273, 12.793066024780273, 12.791352272033691, 12.791363716125488, 12.791389465332031, 12.791399955749512, 12.791404724121094, 12.789811134338379, 12.789941787719727, 12.789965629577637, 12.789979934692383, 12.78998851776123, 12.788742065429688, 12.788917541503906, 12.788941383361816, 12.788956642150879, 12.788965225219727, 12.788077354431152, 12.788222312927246, 12.788253784179688, 12.78826904296875, 12.787650108337402, 12.787749290466309, 12.7877836227417, 12.787799835205078, 12.787808418273926, 12.787373542785645, 12.787435531616211, 12.787467002868652, 12.787483215332031, 12.787177085876465, 12.787214279174805, 12.787236213684082, 12.787253379821777, 12.787035942077637, 12.78705883026123, 12.787076950073242],