{"loss": [17.84058952331543, 13.519721031188965, 13.505852699279785, 13.503677368164062, 13.502055168151855, 13.500778198242188, 13.499773979187012, 13.498976707458496, 13.498332977294922, 13.497819900512695, 13.497406005859375, 13.497048377990723, 13.496749877929688, 13.496506690979004, 13.366878509521484, 13.28685474395752, 13.285867691040039, 13.285642623901367, 13.285499572753906, 13.285369873046875, 13.182044982910156, 13.179925918579102, 13.179561614990234, 13.179408073425293, 13.179301261901855, 13.08846664428711, 13.036581039428711, 13.037284851074219, 13.037188529968262, 13.037128448486328, 12.995279312133789, 12.996269226074219, 12.996346473693848, 12.996269226074219, 12.996209144592285, 12.964509963989258, 12.942859649658203, 12.942474365234375, 12.942411422729492, 12.942364692687988, 12.94233226776123, 12.91667366027832, 12.90783405303955, 12.908181190490723, 12.908149719238281, 12.908127784729004, 12.893072128295898, 12.888077735900879, 12.887839317321777, 12.887795448303223, 12.887775421142578, 12.887755393981934, 12.87157917022705, 12.861669540405273, 12.861662864685059, 12.86166000366211, 12.861644744873047, 12.848891258239746, 12.843714714050293, 12.843649864196777, 12.843626976013184, 12.843613624572754, 12.83591079711914, 12.832846641540527, 12.832719802856445, 12.832704544067383, 12.832695007324219, 12.827696800231934, 12.824524879455566, 12.824522018432617, 12.824501991271973, 12.824492454528809, 12.82029914855957, 12.81659984588623, 12.816542625427246, 12.816518783569336, 12.816508293151855, 12.81252384185791, 12.809324264526367, 12.809295654296875, 12.809287071228027, 12.809281349182129, 12.80566692352295, 12.803621292114258, 12.80356216430664, 12.803547859191895, 12.80353832244873, 12.800488471984863, 12.799426078796387, 12.799293518066406, 12.79926872253418, 12.796802520751953, 12.796337127685547, 12.796185493469238, 12.796156883239746, 12.794207572937012, 12.794046401977539, 12.793917655944824, 12.793888092041016], "mse": [0.008711225353181362, 0.006601425353437662, 0.006594654638320208, 0.006593592464923859, 0.006592800375074148, 0.006592176854610443, 0.006591686513274908, 0.006591297220438719, 0.006590982899069786, 0.0065907323732972145, 0.006590530276298523, 0.0065903556533157825, 0.006590209901332855, 0.006590091157704592, 0.006526796147227287, 0.00648772157728672, 0.006487240083515644, 0.0064871301874518394, 0.006487059872597456, 0.006486996542662382, 0.006436545867472887, 0.006435510702431202, 0.00643533281981945, 0.006435257848352194, 0.006435206159949303, 0.006390852853655815, 0.00636551808565855, 0.006365861743688583, 0.006365814711898565, 0.006365785375237465, 0.006345351226627827, 0.0063458336517214775, 0.006345872301608324, 0.006345834583044052, 0.006345805246382952, 0.006330328062176704, 0.0063197556883096695, 0.006319567561149597, 0.006319536827504635, 0.0063195135444402695, 0.006319498177617788, 0.006306969560682774, 0.006302653346210718, 0.006302822846919298, 0.006302807480096817, 0.006302796769887209, 0.006295445375144482, 0.006293006706982851, 0.006292890291661024, 0.006292868871241808, 0.0062928590923547745, 0.006292849313467741, 0.006284950766712427, 0.006280112080276012, 0.006280109286308289, 0.006280107423663139, 0.006280099973082542, 0.006273872684687376, 0.00627134507521987, 0.006271313410252333, 0.006271301303058863, 0.006271295249462128, 0.00626753456890583, 0.006266038399189711, 0.006265976466238499, 0.006265969015657902, 0.006265964359045029, 0.006263523828238249, 0.006261975038796663, 0.006261974573135376, 0.006261963862925768, 0.006261959206312895, 0.006259911693632603, 0.006258105393499136, 0.0062580774538218975, 0.006258065812289715, 0.006258060690015554, 0.006256115157157183, 0.006254552863538265, 0.006254538893699646, 0.00625453470274806, 0.006254531908780336, 0.006252767518162727, 0.006251768209040165, 0.006251739338040352, 0.006251732353121042, 0.006251727696508169, 0.006250238511711359, 0.006249719765037298, 0.006249655038118362, 0.006249642930924892, 0.006248438730835915, 0.0062482114881277084, 0.0062481374479830265, 0.006248123478144407, 0.00624717166647315, 0.00624709390103817, 0.006247030571103096, 0.006247015669941902], "val_loss": [13.517538070678711, 13.447464942932129, 13.444880485534668, 13.443375587463379, 13.442264556884766, 13.441426277160645, 13.44080924987793, 13.440342903137207, 13.43998908996582, 13.439762115478516, 13.439589500427246, 13.439440727233887, 13.439343452453613, 13.439289093017578, 13.292459487915039, 13.287088394165039, 13.286892890930176, 13.28686237335205, 13.286837577819824, 13.286816596984863, 13.201494216918945, 13.20583438873291, 13.205971717834473, 13.20592975616455, 13.205903053283691, 13.04995059967041, 13.050248146057129, 13.050220489501953, 13.050192832946777, 13.050196647644043, 13.010212898254395, 13.01109504699707, 13.01104736328125, 13.011021614074707, 13.011028289794922, 12.939614295959473, 12.936656951904297, 12.936687469482422, 12.93670654296875, 12.936722755432129, 12.936731338500977, 12.904145240783691, 12.906713485717773, 12.90675163269043, 12.906764030456543, 12.906768798828125, 12.879469871520996, 12.878242492675781, 12.878185272216797, 12.878171920776367, 12.87817668914795, 12.878181457519531, 12.847079277038574, 12.846537590026855, 12.846569061279297, 12.846570014953613, 12.846585273742676, 12.82831859588623, 12.828407287597656, 12.828368186950684, 12.828363418579102, 12.828359603881836, 12.817598342895508, 12.817442893981934, 12.817421913146973, 12.81740951538086, 12.817405700683594, 12.809393882751465, 12.809185028076172, 12.809139251708984, 12.80911922454834, 12.809115409851074, 12.803467750549316, 12.803369522094727, 12.803346633911133, 12.80333137512207, 12.803322792053223, 12.8003511428833, 12.8003511428833, 12.800337791442871, 12.80033016204834, 12.800321578979492, 12.799081802368164, 12.799038887023926, 12.799032211303711, 12.799025535583496, 12.799018859863281, 12.798596382141113, 12.798511505126953, 12.798501968383789, 12.798498153686523, 12.798399925231934, 12.798316955566406, 12.798306465148926, 12.798299789428711, 12.798316955566406, 12.798255920410156, 12.798236846923828, 12.79823112487793],